[
  {
    "account_id": "BPwEa8M3LdUg6mVXgZ1dI8pgAdZLvQu4oNPJ7",
    "account_owner": null,
    "amount": 58,
    "authorized_date": "2025-02-08",
    "authorized_datetime": null,
    "category": [
      "Service",
      "Financial"
    ],
    "category_id": "18020000",
    "check_number": null,
    "counterparties": [
      {
        "confidence_level": "VERY_HIGH",
        "entity_id": "1eDor7br409n5WmJm8YQ2B9oD6bgQ2230zvdo",
        "logo_url": "https://plaid-counterparty-logos.plaid.com/earnin_42.png",
        "name": "Earnin",
        "phone_number": null,
        "type": "financial_institution",
        "website": "earnin.com"
      }
    ],
    "date": "2025-02-08",
    "datetime": null,
    "iso_currency_code": "USD",
    "location": {
      "address": null,
      "city": null,
      "country": null,
      "lat": null,
      "lon": null,
      "postal_code": null,
      "region": null,
      "store_number": null
    },
    "logo_url": null,
    "merchant_entity_id": null,
    "merchant_name": "Earnin",
    "name": "72116609 POS PURCHASE EARNIN RE SC 6 721582259",
    "payment_channel": "other",
    "payment_meta": {
      "by_order_of": null,
      "payee": null,
      "payer": null,
      "payment_method": null,
      "payment_processor": null,
      "ppd_id": null,
      "reason": null,
      "reference_number": null
    },
    "pending": true,
    "pending_transaction_id": null,
    "personal_finance_category": {
      "confidence_level": "VERY_HIGH",
      "detailed": "LOAN_PAYMENTS_PERSONAL_LOAN_PAYMENT",
      "primary": "LOAN_PAYMENTS"
    },
    "personal_finance_category_icon_url": "https://plaid-category-icons.plaid.com/PFC_LOAN_PAYMENTS.png",
    "transaction_code": null,
    "transaction_id": "MqlvLxzKgGH84vb18JZzHlW1X4bNPxiLolZEZ",
    "transaction_type": "place",
    "unofficial_currency_code": null,
    "website": null
  },
  {
    "account_id": "BPwEa8M3LdUg6mVXgZ1dI8pgAdZLvQu4oNPJ7",
    "account_owner": null,
    "amount": 2.8096795,
    "authorized_date": "2025-02-06",
    "authorized_datetime": null,
    "category": [
      "Transfer",
      "Payroll"
    ],
    "category_id": "21009000",
    "check_number": null,
    "counterparties": [
      {
        "confidence_level": "LOW",
        "entity_id": null,
        "logo_url": null,
        "name": "The Pizza Place",
        "phone_number": null,
        "type": "merchant",
        "website": null
      }
    ],
    "date": "2025-02-07",
    "datetime": null,
    "iso_currency_code": "USD",
    "location": {
      "address": null,
      "city": "New York",
      "country": null,
      "lat": null,
      "lon": null,
      "postal_code": null,
      "region": "NY",
      "store_number": null
    },
    "logo_url": null,
    "merchant_entity_id": null,
    "merchant_name": "The Pizza Place",
    "name": "POS PUR 449399193 04/07 TIMESTAMP THE PIZZA PLACE 4205 NEW YORK NY 634330",
    "payment_channel": "in store",
    "payment_meta": {
      "by_order_of": null,
      "payee": null,
      "payer": null,
      "payment_method": null,
      "payment_processor": null,
      "ppd_id": null,
      "reason": null,
      "reference_number": null
    },
    "pending": false,
    "pending_transaction_id": null,
    "personal_finance_category": {
      "confidence_level": "LOW",
      "detailed": "INCOME_WAGES",
      "primary": "INCOME"
    },
    "personal_finance_category_icon_url": "https://plaid-category-icons.plaid.com/PFC_INCOME.png",
    "transaction_code": null,
    "transaction_id": "Z7bX9LZmEDsBaDRLByXpi7jBe9lb4LTejRkN9",
    "transaction_type": "special",
    "unofficial_currency_code": null,
    "website": null
  },
  {
    "account_id": "BPwEa8M3LdUg6mVXgZ1dI8pgAdZLvQu4oNPJ7",
    "account_owner": null,
    "amount": 20.519363,
    "authorized_date": "2025-02-05",
    "authorized_datetime": null,
    "category": [
      "Service",
      "Financial",
      "Loans and Mortgages"
    ],
    "category_id": "18020004",
    "check_number": null,
    "counterparties": [
      {
        "confidence_level": "VERY_HIGH",
        "entity_id": "0m2JdVWAp341KoEpYn6NjNLM3kmAD7rN5BNJB",
        "logo_url": "https://plaid-counterparty-logos.plaid.com/uplift_35.png",
        "name": "Uplift",
        "phone_number": null,
        "type": "financial_institution",
        "website": "uplift.com"
      }
    ],
    "date": "2025-02-06",
    "datetime": null,
    "iso_currency_code": "USD",
    "location": {
      "address": null,
      "city": null,
      "country": null,
      "lat": null,
      "lon": null,
      "postal_code": null,
      "region": null,
      "store_number": null
    },
    "logo_url": null,
    "merchant_entity_id": null,
    "merchant_name": "Uplift",
    "name": "60904 PURCHASE-SIG 09/21 TIMESTAMP UPLIFT RE 9123348 562542 SC 63432961 3968766",
    "payment_channel": "other",
    "payment_meta": {
      "by_order_of": null,
      "payee": null,
      "payer": null,
      "payment_method": null,
      "payment_processor": null,
      "ppd_id": null,
      "reason": null,
      "reference_number": null
    },
    "pending": false,
    "pending_transaction_id": null,
    "personal_finance_category": {
      "confidence_level": "MEDIUM",
      "detailed": "LOAN_PAYMENTS_PERSONAL_LOAN_PAYMENT",
      "primary": "LOAN_PAYMENTS"
    },
    "personal_finance_category_icon_url": "https://plaid-category-icons.plaid.com/PFC_LOAN_PAYMENTS.png",
    "transaction_code": null,
    "transaction_id": "7qP7wjx9R3HJPLM1JQRohlQJZX5RgridGlVm6",
    "transaction_type": "place",
    "unofficial_currency_code": null,
    "website": null
  },
  {
    "account_id": "BPwEa8M3LdUg6mVXgZ1dI8pgAdZLvQu4oNPJ7",
    "account_owner": null,
    "amount": 4.26607,
    "authorized_date": "2025-02-05",
    "authorized_datetime": null,
    "category": [
      "Food and Drink",
      "Restaurants"
    ],
    "category_id": "13005000",
    "check_number": null,
    "counterparties": [
      {
        "confidence_level": "VERY_HIGH",
        "entity_id": null,
        "logo_url": null,
        "name": "Queens Bar",
        "phone_number": null,
        "type": "merchant",
        "website": null
      }
    ],
    "date": "2025-02-06",
    "datetime": null,
    "iso_currency_code": "USD",
    "location": {
      "address": "35 E Grand River Ave",
      "city": "Detroit",
      "country": null,
      "lat": 42.334549,
      "lon": -83.048096,
      "postal_code": "48226",
      "region": "MI",
      "store_number": "9"
    },
    "logo_url": null,
    "merchant_entity_id": null,
    "merchant_name": "Queens Bar",
    "name": "QUEENS BAR 35 E GRAND RIVER AVE #9 DETROIT MI CARD 29602991",
    "payment_channel": "in store",
    "payment_meta": {
      "by_order_of": null,
      "payee": null,
      "payer": null,
      "payment_method": null,
      "payment_processor": null,
      "ppd_id": null,
      "reason": null,
      "reference_number": null
    },
    "pending": false,
    "pending_transaction_id": null,
    "personal_finance_category": {
      "confidence_level": "MEDIUM",
      "detailed": "FOOD_AND_DRINK_BEER_WINE_AND_LIQUOR",
      "primary": "FOOD_AND_DRINK"
    },
    "personal_finance_category_icon_url": "https://plaid-category-icons.plaid.com/PFC_FOOD_AND_DRINK.png",
    "transaction_code": null,
    "transaction_id": "QBzw8Nd3pgsVE4azVQJrfMe5pNEdqoHwdMAJB",
    "transaction_type": "place",
    "unofficial_currency_code": null,
    "website": null
  },
  {
    "account_id": "BPwEa8M3LdUg6mVXgZ1dI8pgAdZLvQu4oNPJ7",
    "account_owner": null,
    "amount": 12.202726,
    "authorized_date": "2025-02-05",
    "authorized_datetime": null,
    "category": [
      "Travel",
      "Taxi"
    ],
    "category_id": "22016000",
    "check_number": null,
    "counterparties": [
      {
        "confidence_level": "VERY_HIGH",
        "entity_id": "eyg8o776k0QmNgVpAmaQj4WgzW9Qzo6O51gdd",
        "logo_url": "https://plaid-merchant-logos.plaid.com/uber_1060.png",
        "name": "Uber",
        "phone_number": null,
        "type": "merchant",
        "website": "uber.com"
      }
    ],
    "date": "2025-02-06",
    "datetime": null,
    "iso_currency_code": "USD",
    "location": {
      "address": null,
      "city": null,
      "country": null,
      "lat": null,
      "lon": null,
      "postal_code": null,
      "region": null,
      "store_number": null
    },
    "logo_url": "https://plaid-merchant-logos.plaid.com/uber_1060.png",
    "merchant_entity_id": "eyg8o776k0QmNgVpAmaQj4WgzW9Qzo6O51gdd",
    "merchant_name": "Uber",
    "name": "UBER 588639690 RIDE 05/12 CA 12095 DEBIT CARD PURCHASE 04/04 TIMESTAMP 8102241",
    "payment_channel": "online",
    "payment_meta": {
      "by_order_of": null,
      "payee": null,
      "payer": null,
      "payment_method": null,
      "payment_processor": null,
      "ppd_id": null,
      "reason": null,
      "reference_number": null
    },
    "pending": false,
    "pending_transaction_id": null,
    "personal_finance_category": {
      "confidence_level": "VERY_HIGH",
      "detailed": "TRANSPORTATION_TAXIS_AND_RIDE_SHARES",
      "primary": "TRANSPORTATION"
    },
    "personal_finance_category_icon_url": "https://plaid-category-icons.plaid.com/PFC_TRANSPORTATION.png",
    "transaction_code": null,
    "transaction_id": "jEpBxd98LXUWxazZWMN1IrKV4jqPlEt63MbBw",
    "transaction_type": "special",
    "unofficial_currency_code": null,
    "website": "uber.com"
  },
  {
    "account_id": "BPwEa8M3LdUg6mVXgZ1dI8pgAdZLvQu4oNPJ7",
    "account_owner": null,
    "amount": 6.2822237,
    "authorized_date": "2025-02-05",
    "authorized_datetime": null,
    "category": [
      "Shops",
      "Supermarkets and Groceries"
    ],
    "category_id": "19047000",
    "check_number": null,
    "counterparties": [
      {
        "confidence_level": "VERY_HIGH",
        "entity_id": "O5W5j4dN9OR3E6ypQmjdkWZZRoXEzVMz2ByWM",
        "logo_url": "https://plaid-merchant-logos.plaid.com/walmart_1100.png",
        "name": "Walmart",
        "phone_number": null,
        "type": "merchant",
        "website": "walmart.com"
      }
    ],
    "date": "2025-02-06",
    "datetime": null,
    "iso_currency_code": "USD",
    "location": {
      "address": "6700 Hollywood Blvd",
      "city": "Murrysville",
      "country": null,
      "lat": null,
      "lon": null,
      "postal_code": null,
      "region": "PA",
      "store_number": null
    },
    "logo_url": "https://plaid-merchant-logos.plaid.com/walmart_1100.png",
    "merchant_entity_id": "O5W5j4dN9OR3E6ypQmjdkWZZRoXEzVMz2ByWM",
    "merchant_name": "Walmart",
    "name": "Walmart",
    "payment_channel": "in store",
    "payment_meta": {
      "by_order_of": null,
      "payee": null,
      "payer": null,
      "payment_method": null,
      "payment_processor": null,
      "ppd_id": null,
      "reason": null,
      "reference_number": null
    },
    "pending": false,
    "pending_transaction_id": null,
    "personal_finance_category": {
      "confidence_level": "VERY_HIGH",
      "detailed": "GENERAL_MERCHANDISE_SUPERSTORES",
      "primary": "GENERAL_MERCHANDISE"
    },
    "personal_finance_category_icon_url": "https://plaid-category-icons.plaid.com/PFC_GENERAL_MERCHANDISE.png",
    "transaction_code": null,
    "transaction_id": "eE6lKrGmMQUEMR8LE3AlUgw4RlNDy3Urwdnzx",
    "transaction_type": "place",
    "unofficial_currency_code": null,
    "website": "walmart.com"
  },
  {
    "account_id": "BPwEa8M3LdUg6mVXgZ1dI8pgAdZLvQu4oNPJ7",
    "account_owner": null,
    "amount": 20,
    "authorized_date": "2025-02-04",
    "authorized_datetime": null,
    "category": [
      "Transfer",
      "Debit"
    ],
    "category_id": "21006000",
    "check_number": null,
    "counterparties": [
      {
        "confidence_level": "VERY_HIGH",
        "entity_id": "p2gA8aQwZqERdYzD0qJ4KY534XKrDOp6Ne85X",
        "logo_url": "https://plaid-counterparty-logos.plaid.com/cash_app_75.png",
        "name": "Cash App",
        "phone_number": null,
        "type": "payment_app",
        "website": "cash.app"
      }
    ],
    "date": "2025-02-05",
    "datetime": null,
    "iso_currency_code": "USD",
    "location": {
      "address": null,
      "city": null,
      "country": null,
      "lat": null,
      "lon": null,
      "postal_code": null,
      "region": null,
      "store_number": null
    },
    "logo_url": null,
    "merchant_entity_id": null,
    "merchant_name": null,
    "name": "CASH APP TRANSFER",
    "payment_channel": "other",
    "payment_meta": {
      "by_order_of": null,
      "payee": null,
      "payer": null,
      "payment_method": null,
      "payment_processor": null,
      "ppd_id": null,
      "reason": null,
      "reference_number": null
    },
    "pending": false,
    "pending_transaction_id": null,
    "personal_finance_category": {
      "confidence_level": "VERY_HIGH",
      "detailed": "TRANSFER_OUT_ACCOUNT_TRANSFER",
      "primary": "TRANSFER_OUT"
    },
    "personal_finance_category_icon_url": "https://plaid-category-icons.plaid.com/PFC_TRANSFER_OUT.png",
    "transaction_code": null,
    "transaction_id": "4L6NX4zJnjSv63bmvW7dU5PglX97ZRiJxrEZl",
    "transaction_type": "special",
    "unofficial_currency_code": null,
    "website": null
  },
  {
    "account_id": "BPwEa8M3LdUg6mVXgZ1dI8pgAdZLvQu4oNPJ7",
    "account_owner": null,
    "amount": 25.983858,
    "authorized_date": "2025-02-04",
    "authorized_datetime": null,
    "category": [
      "Recreation",
      "Gyms and Fitness Centers"
    ],
    "category_id": "17018000",
    "check_number": null,
    "counterparties": [
      {
        "confidence_level": "VERY_HIGH",
        "entity_id": "o2ZQBgYwrvw9EJ2wXy922WK0Q3XdvVzYQEmRZ",
        "logo_url": "https://plaid-merchant-logos.plaid.com/planet_fitness_760.png",
        "name": "Planet Fitness",
        "phone_number": null,
        "type": "merchant",
        "website": "planetfitness.com"
      }
    ],
    "date": "2025-02-05",
    "datetime": null,
    "iso_currency_code": "USD",
    "location": {
      "address": "13320 W 62nd Ter",
      "city": "Shawnee",
      "country": null,
      "lat": 39.016193,
      "lon": -94.740204,
      "postal_code": "66216",
      "region": "KS",
      "store_number": null
    },
    "logo_url": "https://plaid-merchant-logos.plaid.com/planet_fitness_760.png",
    "merchant_entity_id": "o2ZQBgYwrvw9EJ2wXy922WK0Q3XdvVzYQEmRZ",
    "merchant_name": "Planet Fitness",
    "name": "Planet Fitness",
    "payment_channel": "in store",
    "payment_meta": {
      "by_order_of": null,
      "payee": null,
      "payer": null,
      "payment_method": null,
      "payment_processor": null,
      "ppd_id": null,
      "reason": null,
      "reference_number": null
    },
    "pending": false,
    "pending_transaction_id": null,
    "personal_finance_category": {
      "confidence_level": "VERY_HIGH",
      "detailed": "PERSONAL_CARE_GYMS_AND_FITNESS_CENTERS",
      "primary": "PERSONAL_CARE"
    },
    "personal_finance_category_icon_url": "https://plaid-category-icons.plaid.com/PFC_PERSONAL_CARE.png",
    "transaction_code": null,
    "transaction_id": "NKqvpdBr8bsdL1k7dBVEIjlqJXmD8Zuy1jNgn",
    "transaction_type": "place",
    "unofficial_currency_code": null,
    "website": "planetfitness.com"
  },
  {
    "account_id": "BPwEa8M3LdUg6mVXgZ1dI8pgAdZLvQu4oNPJ7",
    "account_owner": null,
    "amount": 5.5849614,
    "authorized_date": "2025-02-04",
    "authorized_datetime": null,
    "category": [
      "Food and Drink",
      "Restaurants"
    ],
    "category_id": "13005000",
    "check_number": null,
    "counterparties": [],
    "date": "2025-02-05",
    "datetime": null,
    "iso_currency_code": "USD",
    "location": {
      "address": null,
      "city": "Carrollton",
      "country": null,
      "lat": null,
      "lon": null,
      "postal_code": null,
      "region": "TX",
      "store_number": null
    },
    "logo_url": null,
    "merchant_entity_id": null,
    "merchant_name": null,
    "name": "WITHDRAWAL 02178293119 POS POUR CHOICES",
    "payment_channel": "in store",
    "payment_meta": {
      "by_order_of": null,
      "payee": null,
      "payer": null,
      "payment_method": null,
      "payment_processor": null,
      "ppd_id": null,
      "reason": null,
      "reference_number": null
    },
    "pending": false,
    "pending_transaction_id": null,
    "personal_finance_category": {
      "confidence_level": "LOW",
      "detailed": "GENERAL_MERCHANDISE_OTHER_GENERAL_MERCHANDISE",
      "primary": "GENERAL_MERCHANDISE"
    },
    "personal_finance_category_icon_url": "https://plaid-category-icons.plaid.com/PFC_GENERAL_MERCHANDISE.png",
    "transaction_code": null,
    "transaction_id": "Pzrvg4xBkXSRdKxjREXpUk39DXGjAdfo4km9N",
    "transaction_type": "place",
    "unofficial_currency_code": null,
    "website": null
  },
  {
    "account_id": "BPwEa8M3LdUg6mVXgZ1dI8pgAdZLvQu4oNPJ7",
    "account_owner": null,
    "amount": 19,
    "authorized_date": "2025-02-03",
    "authorized_datetime": null,
    "category": [
      "Transfer",
      "Debit"
    ],
    "category_id": "21006000",
    "check_number": null,
    "counterparties": [
      {
        "confidence_level": "VERY_HIGH",
        "entity_id": "p2gA8aQwZqERdYzD0qJ4KY534XKrDOp6Ne85X",
        "logo_url": "https://plaid-counterparty-logos.plaid.com/cash_app_75.png",
        "name": "Cash App",
        "phone_number": null,
        "type": "payment_app",
        "website": "cash.app"
      }
    ],
    "date": "2025-02-04",
    "datetime": null,
    "iso_currency_code": "USD",
    "location": {
      "address": null,
      "city": null,
      "country": null,
      "lat": null,
      "lon": null,
      "postal_code": null,
      "region": null,
      "store_number": null
    },
    "logo_url": null,
    "merchant_entity_id": null,
    "merchant_name": null,
    "name": "CASH APP TRANSFER",
    "payment_channel": "other",
    "payment_meta": {
      "by_order_of": null,
      "payee": null,
      "payer": null,
      "payment_method": null,
      "payment_processor": null,
      "ppd_id": null,
      "reason": null,
      "reference_number": null
    },
    "pending": false,
    "pending_transaction_id": null,
    "personal_finance_category": {
      "confidence_level": "VERY_HIGH",
      "detailed": "TRANSFER_OUT_ACCOUNT_TRANSFER",
      "primary": "TRANSFER_OUT"
    },
    "personal_finance_category_icon_url": "https://plaid-category-icons.plaid.com/PFC_TRANSFER_OUT.png",
    "transaction_code": null,
    "transaction_id": "dEgvqKkmMaUB5XgLB6bKiQ3jRB4y8MFJ3MAmZ",
    "transaction_type": "special",
    "unofficial_currency_code": null,
    "website": null
  },
  {
    "account_id": "BPwEa8M3LdUg6mVXgZ1dI8pgAdZLvQu4oNPJ7",
    "account_owner": null,
    "amount": 3.25206,
    "authorized_date": "2025-02-03",
    "authorized_datetime": null,
    "category": [
      "Shops",
      "Computers and Electronics"
    ],
    "category_id": "19013000",
    "check_number": null,
    "counterparties": [
      {
        "confidence_level": "VERY_HIGH",
        "entity_id": "wQn4M4dwnYzpK156NqjykAN4DJ0KbrEOLZZ8W",
        "logo_url": "https://plaid-merchant-logos.plaid.com/microsoft_635.png",
        "name": "Microsoft",
        "phone_number": null,
        "type": "merchant",
        "website": "microsoft.com"
      }
    ],
    "date": "2025-02-04",
    "datetime": null,
    "iso_currency_code": "USD",
    "location": {
      "address": null,
      "city": "La Jolla",
      "country": null,
      "lat": null,
      "lon": null,
      "postal_code": null,
      "region": "CA",
      "store_number": null
    },
    "logo_url": "https://plaid-merchant-logos.plaid.com/microsoft_635.png",
    "merchant_entity_id": "wQn4M4dwnYzpK156NqjykAN4DJ0KbrEOLZZ8W",
    "merchant_name": "Microsoft",
    "name": "MICROSOFT 979333884",
    "payment_channel": "in store",
    "payment_meta": {
      "by_order_of": null,
      "payee": null,
      "payer": null,
      "payment_method": null,
      "payment_processor": null,
      "ppd_id": null,
      "reason": null,
      "reference_number": null
    },
    "pending": false,
    "pending_transaction_id": null,
    "personal_finance_category": {
      "confidence_level": "VERY_HIGH",
      "detailed": "GENERAL_MERCHANDISE_ELECTRONICS",
      "primary": "GENERAL_MERCHANDISE"
    },
    "personal_finance_category_icon_url": "https://plaid-category-icons.plaid.com/PFC_GENERAL_MERCHANDISE.png",
    "transaction_code": null,
    "transaction_id": "xlx1poGQDwUDMadkDq5Gc41edZkm93u6E7Wq9",
    "transaction_type": "place",
    "unofficial_currency_code": null,
    "website": "microsoft.com"
  },
  {
    "account_id": "BPwEa8M3LdUg6mVXgZ1dI8pgAdZLvQu4oNPJ7",
    "account_owner": null,
    "amount": 38,
    "authorized_date": "2025-02-03",
    "authorized_datetime": null,
    "category": [
      "Transfer",
      "Withdrawal"
    ],
    "category_id": "21012000",
    "check_number": null,
    "counterparties": [],
    "date": "2025-02-04",
    "datetime": null,
    "iso_currency_code": "USD",
    "location": {
      "address": null,
      "city": null,
      "country": null,
      "lat": null,
      "lon": null,
      "postal_code": null,
      "region": null,
      "store_number": null
    },
    "logo_url": null,
    "merchant_entity_id": null,
    "merchant_name": null,
    "name": "WITHDRAWAL DEBIT CARD CONSUMER DEBIT PULSZ 252-291-2362 VA DATE 04/12 23978676735612 63546108 CARD 94353",
    "payment_channel": "online",
    "payment_meta": {
      "by_order_of": null,
      "payee": null,
      "payer": null,
      "payment_method": null,
      "payment_processor": null,
      "ppd_id": null,
      "reason": null,
      "reference_number": null
    },
    "pending": false,
    "pending_transaction_id": null,
    "personal_finance_category": {
      "confidence_level": "LOW",
      "detailed": "GENERAL_MERCHANDISE_OTHER_GENERAL_MERCHANDISE",
      "primary": "GENERAL_MERCHANDISE"
    },
    "personal_finance_category_icon_url": "https://plaid-category-icons.plaid.com/PFC_GENERAL_MERCHANDISE.png",
    "transaction_code": null,
    "transaction_id": "apkvwA8m6yIGErwbGNopTM9Bqkx8e5HZ9aGzZ",
    "transaction_type": "special",
    "unofficial_currency_code": null,
    "website": null
  },
  {
    "account_id": "BPwEa8M3LdUg6mVXgZ1dI8pgAdZLvQu4oNPJ7",
    "account_owner": null,
    "amount": 76.018364,
    "authorized_date": "2025-02-02",
    "authorized_datetime": null,
    "category": [
      "Shops",
      "Supermarkets and Groceries"
    ],
    "category_id": "19047000",
    "check_number": null,
    "counterparties": [
      {
        "confidence_level": "VERY_HIGH",
        "entity_id": "Wwj2nkj2Ez5b4mVQzWmy8Q0a8YA0LwEaojdZV",
        "logo_url": "https://plaid-merchant-logos.plaid.com/albertsons_34.png",
        "name": "Albertsons",
        "phone_number": null,
        "type": "merchant",
        "website": "albertsons.com"
      }
    ],
    "date": "2025-02-03",
    "datetime": null,
    "iso_currency_code": "USD",
    "location": {
      "address": "1212 Grand Ave",
      "city": "Billings",
      "country": null,
      "lat": 45.78281,
      "lon": -108.547188,
      "postal_code": "59102",
      "region": "MT",
      "store_number": null
    },
    "logo_url": "https://plaid-merchant-logos.plaid.com/albertsons_34.png",
    "merchant_entity_id": "Wwj2nkj2Ez5b4mVQzWmy8Q0a8YA0LwEaojdZV",
    "merchant_name": "Albertsons",
    "name": "Albertsons",
    "payment_channel": "in store",
    "payment_meta": {
      "by_order_of": null,
      "payee": null,
      "payer": null,
      "payment_method": null,
      "payment_processor": null,
      "ppd_id": null,
      "reason": null,
      "reference_number": null
    },
    "pending": false,
    "pending_transaction_id": null,
    "personal_finance_category": {
      "confidence_level": "VERY_HIGH",
      "detailed": "FOOD_AND_DRINK_GROCERIES",
      "primary": "FOOD_AND_DRINK"
    },
    "personal_finance_category_icon_url": "https://plaid-category-icons.plaid.com/PFC_FOOD_AND_DRINK.png",
    "transaction_code": null,
    "transaction_id": "rEqkeQGm7yUgPxBWg9XDIRvExX87Kei7vPBnz",
    "transaction_type": "place",
    "unofficial_currency_code": null,
    "website": "albertsons.com"
  },
  {
    "account_id": "BPwEa8M3LdUg6mVXgZ1dI8pgAdZLvQu4oNPJ7",
    "account_owner": null,
    "amount": 37.474327,
    "authorized_date": "2025-02-02",
    "authorized_datetime": null,
    "category": [
      "Service",
      "Financial"
    ],
    "category_id": "18020000",
    "check_number": null,
    "counterparties": [
      {
        "confidence_level": "VERY_HIGH",
        "entity_id": "EqqgopZ7wZ2VRkpo7rgKQYW53oakrMV5dwV3Z",
        "logo_url": "https://plaid-counterparty-logos.plaid.com/cleo_54.png",
        "name": "Cleo",
        "phone_number": null,
        "type": "financial_institution",
        "website": "web.meetcleo.com"
      }
    ],
    "date": "2025-02-03",
    "datetime": null,
    "iso_currency_code": "USD",
    "location": {
      "address": null,
      "city": null,
      "country": null,
      "lat": null,
      "lon": null,
      "postal_code": null,
      "region": null,
      "store_number": null
    },
    "logo_url": null,
    "merchant_entity_id": null,
    "merchant_name": "Cleo AI",
    "name": "CHECKCARD 538036 CLEO AI IN MOUNTAIN VIEWCA 172788892 RECURRING",
    "payment_channel": "other",
    "payment_meta": {
      "by_order_of": null,
      "payee": null,
      "payer": null,
      "payment_method": null,
      "payment_processor": null,
      "ppd_id": null,
      "reason": null,
      "reference_number": null
    },
    "pending": false,
    "pending_transaction_id": null,
    "personal_finance_category": {
      "confidence_level": "VERY_HIGH",
      "detailed": "GENERAL_SERVICES_ACCOUNTING_AND_FINANCIAL_PLANNING",
      "primary": "GENERAL_SERVICES"
    },
    "personal_finance_category_icon_url": "https://plaid-category-icons.plaid.com/PFC_GENERAL_SERVICES.png",
    "transaction_code": null,
    "transaction_id": "qwlP7eG8JptmPEMlmbjAsKk1b5dJ9zigqmXZW",
    "transaction_type": "place",
    "unofficial_currency_code": null,
    "website": null
  },
  {
    "account_id": "BPwEa8M3LdUg6mVXgZ1dI8pgAdZLvQu4oNPJ7",
    "account_owner": null,
    "amount": 59.521763,
    "authorized_date": "2025-02-02",
    "authorized_datetime": null,
    "category": [
      "Shops",
      "Computers and Electronics",
      "Video Games"
    ],
    "category_id": "19013001",
    "check_number": null,
    "counterparties": [
      {
        "confidence_level": "VERY_HIGH",
        "entity_id": "1D6004robEojMNXwKpYgrRY6DrLwzea58AaYE",
        "logo_url": "https://plaid-merchant-logos.plaid.com/microsoft_xbox_637.png",
        "name": "Microsoft Xbox",
        "phone_number": null,
        "type": "merchant",
        "website": "xbox.com"
      },
      {
        "confidence_level": "VERY_HIGH",
        "entity_id": "8LVAN69qv4bO21pNgv3VEZqByB2V0MOm87mMB",
        "logo_url": "https://plaid-counterparty-logos.plaid.com/google_play_120.png",
        "name": "Google Play Store",
        "phone_number": null,
        "type": "marketplace",
        "website": "play.google.com/store"
      }
    ],
    "date": "2025-02-03",
    "datetime": null,
    "iso_currency_code": "USD",
    "location": {
      "address": null,
      "city": null,
      "country": null,
      "lat": null,
      "lon": null,
      "postal_code": null,
      "region": null,
      "store_number": null
    },
    "logo_url": "https://plaid-merchant-logos.plaid.com/microsoft_xbox_637.png",
    "merchant_entity_id": "1D6004robEojMNXwKpYgrRY6DrLwzea58AaYE",
    "merchant_name": "Microsoft Xbox",
    "name": "EFT DEBIT  MICROSOFT XBOX CA 830 08/03 TIMESTAMP",
    "payment_channel": "online",
    "payment_meta": {
      "by_order_of": null,
      "payee": null,
      "payer": null,
      "payment_method": null,
      "payment_processor": "Google Wallet",
      "ppd_id": null,
      "reason": null,
      "reference_number": null
    },
    "pending": false,
    "pending_transaction_id": null,
    "personal_finance_category": {
      "confidence_level": "VERY_HIGH",
      "detailed": "ENTERTAINMENT_VIDEO_GAMES",
      "primary": "ENTERTAINMENT"
    },
    "personal_finance_category_icon_url": "https://plaid-category-icons.plaid.com/PFC_ENTERTAINMENT.png",
    "transaction_code": null,
    "transaction_id": "BPwEa8M3LdUg6mVXgZ1dI8pNdg6G7Jt4GWJQR",
    "transaction_type": "place",
    "unofficial_currency_code": null,
    "website": "xbox.com"
  },
  {
    "account_id": "BPwEa8M3LdUg6mVXgZ1dI8pgAdZLvQu4oNPJ7",
    "account_owner": null,
    "amount": 9.7853775,
    "authorized_date": "2025-02-02",
    "authorized_datetime": null,
    "category": [
      "Shops",
      "Supermarkets and Groceries"
    ],
    "category_id": "19047000",
    "check_number": null,
    "counterparties": [
      {
        "confidence_level": "VERY_HIGH",
        "entity_id": "QVN97WoJyo9oDd309WYpXBkz47WBA0rew6rRw",
        "logo_url": "https://plaid-merchant-logos.plaid.com/stop_shop_968.png",
        "name": "Stop & Shop",
        "phone_number": null,
        "type": "merchant",
        "website": "stopandshop.com"
      }
    ],
    "date": "2025-02-03",
    "datetime": null,
    "iso_currency_code": "USD",
    "location": {
      "address": null,
      "city": null,
      "country": null,
      "lat": null,
      "lon": null,
      "postal_code": null,
      "region": null,
      "store_number": "25402"
    },
    "logo_url": "https://plaid-merchant-logos.plaid.com/stop_shop_968.png",
    "merchant_entity_id": "QVN97WoJyo9oDd309WYpXBkz47WBA0rew6rRw",
    "merchant_name": "Stop & Shop",
    "name": "STOP & SHOP #25402 WEST CALDWELL MODATE 01/24 31772803806094 17096869 CARD 34321 WITHDRAWAL DEBIT CARD",
    "payment_channel": "in store",
    "payment_meta": {
      "by_order_of": null,
      "payee": null,
      "payer": null,
      "payment_method": null,
      "payment_processor": null,
      "ppd_id": null,
      "reason": null,
      "reference_number": null
    },
    "pending": false,
    "pending_transaction_id": null,
    "personal_finance_category": {
      "confidence_level": "VERY_HIGH",
      "detailed": "FOOD_AND_DRINK_GROCERIES",
      "primary": "FOOD_AND_DRINK"
    },
    "personal_finance_category_icon_url": "https://plaid-category-icons.plaid.com/PFC_FOOD_AND_DRINK.png",
    "transaction_code": null,
    "transaction_id": "KkRvMBKlA9CKNBR9Kk76HZ9DoEbPg8iRvZ3Lq",
    "transaction_type": "place",
    "unofficial_currency_code": null,
    "website": "stopandshop.com"
  },
  {
    "account_id": "BPwEa8M3LdUg6mVXgZ1dI8pgAdZLvQu4oNPJ7",
    "account_owner": null,
    "amount": 16,
    "authorized_date": "2025-02-02",
    "authorized_datetime": null,
    "category": [
      "Recreation",
      "Sports and Recreation Camps"
    ],
    "category_id": "17041000",
    "check_number": null,
    "counterparties": [
      {
        "confidence_level": "VERY_HIGH",
        "entity_id": "ZEjQeLQvwjXmyb3zOqewZZ68D0bwbJpB9058r",
        "logo_url": "https://plaid-merchant-logos.plaid.com/topgolf_1032.png",
        "name": "Topgolf",
        "phone_number": null,
        "type": "merchant",
        "website": "topgolf.com"
      }
    ],
    "date": "2025-02-03",
    "datetime": null,
    "iso_currency_code": "USD",
    "location": {
      "address": "1010 Greenwood Blvd",
      "city": "Lake Mary",
      "country": "US",
      "lat": null,
      "lon": null,
      "postal_code": "32746",
      "region": "FL",
      "store_number": "1010"
    },
    "logo_url": "https://plaid-merchant-logos.plaid.com/topgolf_1032.png",
    "merchant_entity_id": "ZEjQeLQvwjXmyb3zOqewZZ68D0bwbJpB9058r",
    "merchant_name": "Topgolf",
    "name": "TOPGOLF 1010 GREENWOOD BLVD",
    "payment_channel": "in store",
    "payment_meta": {
      "by_order_of": null,
      "payee": null,
      "payer": null,
      "payment_method": null,
      "payment_processor": null,
      "ppd_id": null,
      "reason": null,
      "reference_number": null
    },
    "pending": false,
    "pending_transaction_id": null,
    "personal_finance_category": {
      "confidence_level": "VERY_HIGH",
      "detailed": "ENTERTAINMENT_SPORTING_EVENTS_AMUSEMENT_PARKS_AND_MUSEUMS",
      "primary": "ENTERTAINMENT"
    },
    "personal_finance_category_icon_url": "https://plaid-category-icons.plaid.com/PFC_ENTERTAINMENT.png",
    "transaction_code": null,
    "transaction_id": "31P46ar9nwtVaK7pVEnDf18wjkGPX4CZarNBG",
    "transaction_type": "place",
    "unofficial_currency_code": null,
    "website": "topgolf.com"
  },
  {
    "account_id": "BPwEa8M3LdUg6mVXgZ1dI8pgAdZLvQu4oNPJ7",
    "account_owner": null,
    "amount": 145.08855,
    "authorized_date": "2025-02-02",
    "authorized_datetime": null,
    "category": [
      "Transfer",
      "Third Party",
      "Venmo"
    ],
    "category_id": "21010001",
    "check_number": null,
    "counterparties": [
      {
        "confidence_level": "VERY_HIGH",
        "entity_id": "8VRm0p98Ydk05nn1kVd1o4Zgop4n1V9DdveE6",
        "logo_url": "https://plaid-counterparty-logos.plaid.com/venmo_74.png",
        "name": "Venmo",
        "phone_number": null,
        "type": "payment_app",
        "website": "venmo.com"
      }
    ],
    "date": "2025-02-03",
    "datetime": null,
    "iso_currency_code": "USD",
    "location": {
      "address": null,
      "city": null,
      "country": null,
      "lat": null,
      "lon": null,
      "postal_code": null,
      "region": null,
      "store_number": null
    },
    "logo_url": null,
    "merchant_entity_id": null,
    "merchant_name": null,
    "name": "Venmo",
    "payment_channel": "other",
    "payment_meta": {
      "by_order_of": null,
      "payee": null,
      "payer": null,
      "payment_method": null,
      "payment_processor": "Braintree",
      "ppd_id": null,
      "reason": null,
      "reference_number": null
    },
    "pending": false,
    "pending_transaction_id": null,
    "personal_finance_category": {
      "confidence_level": "LOW",
      "detailed": "GENERAL_MERCHANDISE_OTHER_GENERAL_MERCHANDISE",
      "primary": "GENERAL_MERCHANDISE"
    },
    "personal_finance_category_icon_url": "https://plaid-category-icons.plaid.com/PFC_GENERAL_MERCHANDISE.png",
    "transaction_code": null,
    "transaction_id": "zKJpg8GDlxs6JW9G6Dg7cG1AqKEg45ulG78zK",
    "transaction_type": "special",
    "unofficial_currency_code": null,
    "website": null
  },
  {
    "account_id": "BPwEa8M3LdUg6mVXgZ1dI8pgAdZLvQu4oNPJ7",
    "account_owner": null,
    "amount": 103.44398,
    "authorized_date": "2025-02-01",
    "authorized_datetime": null,
    "category": [
      "Food and Drink",
      "Restaurants",
      "Coffee Shop"
    ],
    "category_id": "13005043",
    "check_number": null,
    "counterparties": [
      {
        "confidence_level": "VERY_HIGH",
        "entity_id": "p64nrAXvN7r7mjrdp0qNKnB137Da6BWbbrEwz",
        "logo_url": "https://plaid-merchant-logos.plaid.com/dunkin_donuts_305.png",
        "name": "Dunkin'",
        "phone_number": null,
        "type": "merchant",
        "website": "dunkindonuts.com"
      },
      {
        "confidence_level": "VERY_HIGH",
        "entity_id": "zwkjrQbbDQqZJRk3egOAo0XB7jnygNDJk9Vjz",
        "logo_url": "https://plaid-counterparty-logos.plaid.com/paypal_76.png",
        "name": "PayPal",
        "phone_number": null,
        "type": "payment_app",
        "website": "paypal.com"
      }
    ],
    "date": "2025-02-02",
    "datetime": null,
    "iso_currency_code": "USD",
    "location": {
      "address": null,
      "city": null,
      "country": null,
      "lat": null,
      "lon": null,
      "postal_code": null,
      "region": null,
      "store_number": null
    },
    "logo_url": "https://plaid-merchant-logos.plaid.com/dunkin_donuts_305.png",
    "merchant_entity_id": "p64nrAXvN7r7mjrdp0qNKnB137Da6BWbbrEwz",
    "merchant_name": "Dunkin'",
    "name": "Dunkin' Donuts",
    "payment_channel": "online",
    "payment_meta": {
      "by_order_of": null,
      "payee": null,
      "payer": null,
      "payment_method": "ACH",
      "payment_processor": null,
      "ppd_id": null,
      "reason": null,
      "reference_number": null
    },
    "pending": false,
    "pending_transaction_id": null,
    "personal_finance_category": {
      "confidence_level": "VERY_HIGH",
      "detailed": "FOOD_AND_DRINK_COFFEE",
      "primary": "FOOD_AND_DRINK"
    },
    "personal_finance_category_icon_url": "https://plaid-category-icons.plaid.com/PFC_FOOD_AND_DRINK.png",
    "transaction_code": null,
    "transaction_id": "lE7xa4Gym5U1bj3Z1qRgh3oVqN6xW5ipvwAkw",
    "transaction_type": "place",
    "unofficial_currency_code": null,
    "website": "dunkindonuts.com"
  },
  {
    "account_id": "BPwEa8M3LdUg6mVXgZ1dI8pgAdZLvQu4oNPJ7",
    "account_owner": null,
    "amount": 143.92996,
    "authorized_date": "2025-02-01",
    "authorized_datetime": null,
    "category": [
      "Shops",
      "Supermarkets and Groceries"
    ],
    "category_id": "19047000",
    "check_number": null,
    "counterparties": [
      {
        "confidence_level": "VERY_HIGH",
        "entity_id": "EEbA48eL8QmaN9KZEzYXVmnwJ4z4YeJ6wOvLm",
        "logo_url": "https://plaid-merchant-logos.plaid.com/food_lion_388.png",
        "name": "Food Lion",
        "phone_number": null,
        "type": "merchant",
        "website": "foodlion.com"
      }
    ],
    "date": "2025-02-02",
    "datetime": null,
    "iso_currency_code": "USD",
    "location": {
      "address": null,
      "city": "Walnut",
      "country": null,
      "lat": null,
      "lon": null,
      "postal_code": null,
      "region": "NC",
      "store_number": "87"
    },
    "logo_url": "https://plaid-merchant-logos.plaid.com/food_lion_388.png",
    "merchant_entity_id": "EEbA48eL8QmaN9KZEzYXVmnwJ4z4YeJ6wOvLm",
    "merchant_name": "Food Lion",
    "name": "Food Lion",
    "payment_channel": "in store",
    "payment_meta": {
      "by_order_of": null,
      "payee": null,
      "payer": null,
      "payment_method": null,
      "payment_processor": null,
      "ppd_id": null,
      "reason": null,
      "reference_number": null
    },
    "pending": false,
    "pending_transaction_id": null,
    "personal_finance_category": {
      "confidence_level": "VERY_HIGH",
      "detailed": "FOOD_AND_DRINK_GROCERIES",
      "primary": "FOOD_AND_DRINK"
    },
    "personal_finance_category_icon_url": "https://plaid-category-icons.plaid.com/PFC_FOOD_AND_DRINK.png",
    "transaction_code": null,
    "transaction_id": "JLkvZzq7wRSJNpkaJ61mh4y9XQoVnjuBL4N9A",
    "transaction_type": "place",
    "unofficial_currency_code": null,
    "website": "foodlion.com"
  },
  {
    "account_id": "BPwEa8M3LdUg6mVXgZ1dI8pgAdZLvQu4oNPJ7",
    "account_owner": null,
    "amount": 128.11888,
    "authorized_date": "2025-02-01",
    "authorized_datetime": null,
    "category": [
      "Food and Drink",
      "Restaurants",
      "Fast Food"
    ],
    "category_id": "13005032",
    "check_number": null,
    "counterparties": [
      {
        "confidence_level": "VERY_HIGH",
        "entity_id": "vzWXDWBjB06j5BJoD3Jo84OJZg7JJzmqOZA22",
        "logo_url": "https://plaid-merchant-logos.plaid.com/mcdonalds_619.png",
        "name": "McDonald's",
        "phone_number": null,
        "type": "merchant",
        "website": "mcdonalds.com"
      }
    ],
    "date": "2025-02-02",
    "datetime": null,
    "iso_currency_code": "USD",
    "location": {
      "address": null,
      "city": null,
      "country": null,
      "lat": null,
      "lon": null,
      "postal_code": null,
      "region": null,
      "store_number": null
    },
    "logo_url": "https://plaid-merchant-logos.plaid.com/mcdonalds_619.png",
    "merchant_entity_id": "vzWXDWBjB06j5BJoD3Jo84OJZg7JJzmqOZA22",
    "merchant_name": "McDonald's",
    "name": "McDonald's",
    "payment_channel": "in store",
    "payment_meta": {
      "by_order_of": null,
      "payee": null,
      "payer": null,
      "payment_method": null,
      "payment_processor": null,
      "ppd_id": null,
      "reason": null,
      "reference_number": null
    },
    "pending": false,
    "pending_transaction_id": null,
    "personal_finance_category": {
      "confidence_level": "VERY_HIGH",
      "detailed": "FOOD_AND_DRINK_FAST_FOOD",
      "primary": "FOOD_AND_DRINK"
    },
    "personal_finance_category_icon_url": "https://plaid-category-icons.plaid.com/PFC_FOOD_AND_DRINK.png",
    "transaction_code": null,
    "transaction_id": "5p7PDNB9nGIGM4NjGVXmTkwVZjJandf5DwLWo",
    "transaction_type": "place",
    "unofficial_currency_code": null,
    "website": "mcdonalds.com"
  },
  {
    "account_id": "BPwEa8M3LdUg6mVXgZ1dI8pgAdZLvQu4oNPJ7",
    "account_owner": null,
    "amount": 162.69058,
    "authorized_date": "2025-02-01",
    "authorized_datetime": null,
    "category": [
      "Food and Drink",
      "Restaurants",
      "Fast Food"
    ],
    "category_id": "13005032",
    "check_number": null,
    "counterparties": [
      {
        "confidence_level": "VERY_HIGH",
        "entity_id": "vzWXDWBjB06j5BJoD3Jo84OJZg7JJzmqOZA22",
        "logo_url": "https://plaid-merchant-logos.plaid.com/mcdonalds_619.png",
        "name": "McDonald's",
        "phone_number": null,
        "type": "merchant",
        "website": "mcdonalds.com"
      }
    ],
    "date": "2025-02-02",
    "datetime": null,
    "iso_currency_code": "USD",
    "location": {
      "address": null,
      "city": null,
      "country": null,
      "lat": null,
      "lon": null,
      "postal_code": null,
      "region": null,
      "store_number": null
    },
    "logo_url": "https://plaid-merchant-logos.plaid.com/mcdonalds_619.png",
    "merchant_entity_id": "vzWXDWBjB06j5BJoD3Jo84OJZg7JJzmqOZA22",
    "merchant_name": "McDonald's",
    "name": "McDonald's",
    "payment_channel": "in store",
    "payment_meta": {
      "by_order_of": null,
      "payee": null,
      "payer": null,
      "payment_method": null,
      "payment_processor": null,
      "ppd_id": null,
      "reason": null,
      "reference_number": null
    },
    "pending": false,
    "pending_transaction_id": null,
    "personal_finance_category": {
      "confidence_level": "VERY_HIGH",
      "detailed": "FOOD_AND_DRINK_FAST_FOOD",
      "primary": "FOOD_AND_DRINK"
    },
    "personal_finance_category_icon_url": "https://plaid-category-icons.plaid.com/PFC_FOOD_AND_DRINK.png",
    "transaction_code": null,
    "transaction_id": "wE3MLpG8R9UqMrj8qRbZH5NZPa71dbiP6Nd57",
    "transaction_type": "place",
    "unofficial_currency_code": null,
    "website": "mcdonalds.com"
  },
  {
    "account_id": "BPwEa8M3LdUg6mVXgZ1dI8pgAdZLvQu4oNPJ7",
    "account_owner": null,
    "amount": 72,
    "authorized_date": "2025-02-01",
    "authorized_datetime": null,
    "category": [
      "Food and Drink",
      "Restaurants"
    ],
    "category_id": "13005000",
    "check_number": null,
    "counterparties": [
      {
        "confidence_level": "VERY_HIGH",
        "entity_id": "EZ92VM3NzEaVdzq5eRB2YOb14a3OYk3gRvyZQ",
        "logo_url": "https://plaid-counterparty-logos.plaid.com/uber_eats_2.png",
        "name": "Uber Eats",
        "phone_number": null,
        "type": "marketplace",
        "website": "ubereats.com"
      }
    ],
    "date": "2025-02-02",
    "datetime": null,
    "iso_currency_code": "USD",
    "location": {
      "address": null,
      "city": null,
      "country": null,
      "lat": null,
      "lon": null,
      "postal_code": null,
      "region": null,
      "store_number": null
    },
    "logo_url": null,
    "merchant_entity_id": null,
    "merchant_name": "Uber Eats",
    "name": "Uber Eats",
    "payment_channel": "online",
    "payment_meta": {
      "by_order_of": null,
      "payee": null,
      "payer": null,
      "payment_method": null,
      "payment_processor": null,
      "ppd_id": null,
      "reason": null,
      "reference_number": null
    },
    "pending": false,
    "pending_transaction_id": null,
    "personal_finance_category": {
      "confidence_level": "VERY_HIGH",
      "detailed": "FOOD_AND_DRINK_RESTAURANT",
      "primary": "FOOD_AND_DRINK"
    },
    "personal_finance_category_icon_url": "https://plaid-category-icons.plaid.com/PFC_FOOD_AND_DRINK.png",
    "transaction_code": null,
    "transaction_id": "kEw3da68MjUakW3jamLdU5Zlm3KJXGiLbQRXj",
    "transaction_type": "place",
    "unofficial_currency_code": null,
    "website": null
  },
  {
    "account_id": "BPwEa8M3LdUg6mVXgZ1dI8pgAdZLvQu4oNPJ7",
    "account_owner": null,
    "amount": -95,
    "authorized_date": "2025-02-01",
    "authorized_datetime": null,
    "category": [
      "Transfer",
      "Credit"
    ],
    "category_id": "21005000",
    "check_number": null,
    "counterparties": [
      {
        "confidence_level": "VERY_HIGH",
        "entity_id": "gaYbyjO0dyvvrKRYdMJEO4OR20q951wz9p548",
        "logo_url": "https://plaid-counterparty-logos.plaid.com/brigit_41.png",
        "name": "Brigit",
        "phone_number": null,
        "type": "financial_institution",
        "website": "brigit.com"
      }
    ],
    "date": "2025-02-01",
    "datetime": null,
    "iso_currency_code": "USD",
    "location": {
      "address": null,
      "city": "New York",
      "country": null,
      "lat": null,
      "lon": null,
      "postal_code": null,
      "region": "NY",
      "store_number": null
    },
    "logo_url": null,
    "merchant_entity_id": null,
    "merchant_name": "Brigit",
    "name": "Brigit XX/XX #406735377 PMNT RCVD Brigit",
    "payment_channel": "other",
    "payment_meta": {
      "by_order_of": null,
      "payee": null,
      "payer": null,
      "payment_method": null,
      "payment_processor": null,
      "ppd_id": null,
      "reason": null,
      "reference_number": null
    },
    "pending": false,
    "pending_transaction_id": null,
    "personal_finance_category": {
      "confidence_level": "LOW",
      "detailed": "TRANSFER_IN_CASH_ADVANCES_AND_LOANS",
      "primary": "TRANSFER_IN"
    },
    "personal_finance_category_icon_url": "https://plaid-category-icons.plaid.com/PFC_TRANSFER_IN.png",
    "transaction_code": null,
    "transaction_id": "V4pvnQjNZGHrpRQzra6gsmaLJqo65ks9JmAwJ",
    "transaction_type": "special",
    "unofficial_currency_code": null,
    "website": null
  },
  {
    "account_id": "BPwEa8M3LdUg6mVXgZ1dI8pgAdZLvQu4oNPJ7",
    "account_owner": null,
    "amount": 595.10675,
    "authorized_date": "2025-01-28",
    "authorized_datetime": null,
    "category": [
      "Shops",
      "Department Stores"
    ],
    "category_id": "19018000",
    "check_number": null,
    "counterparties": [
      {
        "confidence_level": "VERY_HIGH",
        "entity_id": "Eaq3KXm0jJ61KrmMrV0aw9VaY2grqv517d3ep",
        "logo_url": "https://plaid-merchant-logos.plaid.com/target_997.png",
        "name": "Target",
        "phone_number": null,
        "type": "merchant",
        "website": "target.com"
      }
    ],
    "date": "2025-01-29",
    "datetime": null,
    "iso_currency_code": "USD",
    "location": {
      "address": "2500 E Lake St",
      "city": "Minneapolis",
      "country": null,
      "lat": 44.949444,
      "lon": -93.237152,
      "postal_code": "55406",
      "region": "MN",
      "store_number": "052"
    },
    "logo_url": "https://plaid-merchant-logos.plaid.com/target_997.png",
    "merchant_entity_id": "Eaq3KXm0jJ61KrmMrV0aw9VaY2grqv517d3ep",
    "merchant_name": "Target",
    "name": "INTERAC PURCHASE - 67200 TARGET #052",
    "payment_channel": "in store",
    "payment_meta": {
      "by_order_of": null,
      "payee": null,
      "payer": null,
      "payment_method": null,
      "payment_processor": null,
      "ppd_id": null,
      "reason": null,
      "reference_number": null
    },
    "pending": false,
    "pending_transaction_id": null,
    "personal_finance_category": {
      "confidence_level": "HIGH",
      "detailed": "GENERAL_MERCHANDISE_SUPERSTORES",
      "primary": "GENERAL_MERCHANDISE"
    },
    "personal_finance_category_icon_url": "https://plaid-category-icons.plaid.com/PFC_GENERAL_MERCHANDISE.png",
    "transaction_code": null,
    "transaction_id": "XPovmMejbEUoJp95oQP8UWoQq1MmRgTbR6l3A",
    "transaction_type": "place",
    "unofficial_currency_code": null,
    "website": "target.com"
  },
  {
    "account_id": "BPwEa8M3LdUg6mVXgZ1dI8pgAdZLvQu4oNPJ7",
    "account_owner": null,
    "amount": 45.473385,
    "authorized_date": "2025-01-28",
    "authorized_datetime": null,
    "category": [
      "Food and Drink",
      "Restaurants",
      "Coffee Shop"
    ],
    "category_id": "13005043",
    "check_number": null,
    "counterparties": [
      {
        "confidence_level": "VERY_HIGH",
        "entity_id": "NZAJQ5wYdo1W1p39X5q5gpb15OMe39pj4pJBb",
        "logo_url": "https://plaid-merchant-logos.plaid.com/starbucks_956.png",
        "name": "Starbucks",
        "phone_number": null,
        "type": "merchant",
        "website": "starbucks.com"
      }
    ],
    "date": "2025-01-29",
    "datetime": null,
    "iso_currency_code": "USD",
    "location": {
      "address": null,
      "city": null,
      "country": null,
      "lat": null,
      "lon": null,
      "postal_code": null,
      "region": null,
      "store_number": null
    },
    "logo_url": "https://plaid-merchant-logos.plaid.com/starbucks_956.png",
    "merchant_entity_id": "NZAJQ5wYdo1W1p39X5q5gpb15OMe39pj4pJBb",
    "merchant_name": "Starbucks",
    "name": "Starbucks",
    "payment_channel": "in store",
    "payment_meta": {
      "by_order_of": null,
      "payee": null,
      "payer": null,
      "payment_method": null,
      "payment_processor": null,
      "ppd_id": null,
      "reason": null,
      "reference_number": null
    },
    "pending": false,
    "pending_transaction_id": null,
    "personal_finance_category": {
      "confidence_level": "VERY_HIGH",
      "detailed": "FOOD_AND_DRINK_COFFEE",
      "primary": "FOOD_AND_DRINK"
    },
    "personal_finance_category_icon_url": "https://plaid-category-icons.plaid.com/PFC_FOOD_AND_DRINK.png",
    "transaction_code": null,
    "transaction_id": "D7oANWLdnjsGv6qgGd7VTw7VjozmkeI38wpk5",
    "transaction_type": "place",
    "unofficial_currency_code": null,
    "website": "starbucks.com"
  },
  {
    "account_id": "BPwEa8M3LdUg6mVXgZ1dI8pgAdZLvQu4oNPJ7",
    "account_owner": null,
    "amount": 89,
    "authorized_date": "2025-01-27",
    "authorized_datetime": null,
    "category": [
      "Transfer",
      "Third Party",
      "PayPal"
    ],
    "category_id": "21010004",
    "check_number": null,
    "counterparties": [
      {
        "confidence_level": "VERY_HIGH",
        "entity_id": "zwkjrQbbDQqZJRk3egOAo0XB7jnygNDJk9Vjz",
        "logo_url": "https://plaid-counterparty-logos.plaid.com/paypal_76.png",
        "name": "PayPal",
        "phone_number": null,
        "type": "payment_app",
        "website": "paypal.com"
      }
    ],
    "date": "2025-01-28",
    "datetime": null,
    "iso_currency_code": "USD",
    "location": {
      "address": null,
      "city": null,
      "country": null,
      "lat": null,
      "lon": null,
      "postal_code": null,
      "region": null,
      "store_number": null
    },
    "logo_url": null,
    "merchant_entity_id": null,
    "merchant_name": null,
    "name": "TRANSFER PAYPAL ADD TO BALANCE INTERNET PAYMENT",
    "payment_channel": "other",
    "payment_meta": {
      "by_order_of": null,
      "payee": null,
      "payer": null,
      "payment_method": null,
      "payment_processor": null,
      "ppd_id": null,
      "reason": null,
      "reference_number": null
    },
    "pending": false,
    "pending_transaction_id": null,
    "personal_finance_category": {
      "confidence_level": "LOW",
      "detailed": "TRANSFER_OUT_ACCOUNT_TRANSFER",
      "primary": "TRANSFER_OUT"
    },
    "personal_finance_category_icon_url": "https://plaid-category-icons.plaid.com/PFC_TRANSFER_OUT.png",
    "transaction_code": null,
    "transaction_id": "6lXjVP39nNUg9dW7gJRlI54nyKXa17i8R9AyD",
    "transaction_type": "special",
    "unofficial_currency_code": null,
    "website": null
  },
  {
    "account_id": "BPwEa8M3LdUg6mVXgZ1dI8pgAdZLvQu4oNPJ7",
    "account_owner": null,
    "amount": 6.0424743,
    "authorized_date": "2025-01-26",
    "authorized_datetime": null,
    "category": [
      "Food and Drink",
      "Restaurants"
    ],
    "category_id": "13005000",
    "check_number": null,
    "counterparties": [
      {
        "confidence_level": "VERY_HIGH",
        "entity_id": "ORv7Q8mQ1ebJQWmOqr4knJ3bzynQ1aNZo3DpO",
        "logo_url": "https://plaid-merchant-logos.plaid.com/krispy_kreme_554.png",
        "name": "Krispy Kreme",
        "phone_number": null,
        "type": "merchant",
        "website": "krispykreme.com"
      }
    ],
    "date": "2025-01-27",
    "datetime": null,
    "iso_currency_code": "USD",
    "location": {
      "address": "1901 Gallatin Pike N",
      "city": "Madison",
      "country": null,
      "lat": 36.299545,
      "lon": -86.695992,
      "postal_code": "37115",
      "region": "TN",
      "store_number": null
    },
    "logo_url": "https://plaid-merchant-logos.plaid.com/krispy_kreme_554.png",
    "merchant_entity_id": "ORv7Q8mQ1ebJQWmOqr4knJ3bzynQ1aNZo3DpO",
    "merchant_name": "Krispy Kreme",
    "name": "Krispy Kreme",
    "payment_channel": "in store",
    "payment_meta": {
      "by_order_of": null,
      "payee": null,
      "payer": null,
      "payment_method": null,
      "payment_processor": null,
      "ppd_id": null,
      "reason": null,
      "reference_number": null
    },
    "pending": false,
    "pending_transaction_id": null,
    "personal_finance_category": {
      "confidence_level": "VERY_HIGH",
      "detailed": "FOOD_AND_DRINK_OTHER_FOOD_AND_DRINK",
      "primary": "FOOD_AND_DRINK"
    },
    "personal_finance_category_icon_url": "https://plaid-category-icons.plaid.com/PFC_FOOD_AND_DRINK.png",
    "transaction_code": null,
    "transaction_id": "R3BvEPaxwXCX4R9yXVepHlrdwP3yKjiaQl1Bk",
    "transaction_type": "place",
    "unofficial_currency_code": null,
    "website": "krispykreme.com"
  },
  {
    "account_id": "BPwEa8M3LdUg6mVXgZ1dI8pgAdZLvQu4oNPJ7",
    "account_owner": null,
    "amount": 66.62851,
    "authorized_date": "2025-01-26",
    "authorized_datetime": null,
    "category": [
      "Food and Drink",
      "Restaurants",
      "Fast Food"
    ],
    "category_id": "13005032",
    "check_number": null,
    "counterparties": [
      {
        "confidence_level": "VERY_HIGH",
        "entity_id": "vzWXDWBjB06j5BJoD3Jo84OJZg7JJzmqOZA22",
        "logo_url": "https://plaid-merchant-logos.plaid.com/mcdonalds_619.png",
        "name": "McDonald's",
        "phone_number": null,
        "type": "merchant",
        "website": "mcdonalds.com"
      }
    ],
    "date": "2025-01-27",
    "datetime": null,
    "iso_currency_code": "USD",
    "location": {
      "address": null,
      "city": null,
      "country": null,
      "lat": null,
      "lon": null,
      "postal_code": null,
      "region": null,
      "store_number": null
    },
    "logo_url": "https://plaid-merchant-logos.plaid.com/mcdonalds_619.png",
    "merchant_entity_id": "vzWXDWBjB06j5BJoD3Jo84OJZg7JJzmqOZA22",
    "merchant_name": "McDonald's",
    "name": "McDonald's",
    "payment_channel": "in store",
    "payment_meta": {
      "by_order_of": null,
      "payee": null,
      "payer": null,
      "payment_method": null,
      "payment_processor": null,
      "ppd_id": null,
      "reason": null,
      "reference_number": null
    },
    "pending": false,
    "pending_transaction_id": null,
    "personal_finance_category": {
      "confidence_level": "VERY_HIGH",
      "detailed": "FOOD_AND_DRINK_FAST_FOOD",
      "primary": "FOOD_AND_DRINK"
    },
    "personal_finance_category_icon_url": "https://plaid-category-icons.plaid.com/PFC_FOOD_AND_DRINK.png",
    "transaction_code": null,
    "transaction_id": "vXBZ1Lw8g9IWJVx6WlryIQLEoPj1gMFqDz7Eb",
    "transaction_type": "place",
    "unofficial_currency_code": null,
    "website": "mcdonalds.com"
  },
  {
    "account_id": "BPwEa8M3LdUg6mVXgZ1dI8pgAdZLvQu4oNPJ7",
    "account_owner": null,
    "amount": 10.021521,
    "authorized_date": "2025-01-25",
    "authorized_datetime": null,
    "category": [
      "Shops",
      "Digital Purchase"
    ],
    "category_id": "19019000",
    "check_number": null,
    "counterparties": [
      {
        "confidence_level": "VERY_HIGH",
        "entity_id": "2gOwmq9qK56K60oDm3eLrREV2B2mVadkRn8MW",
        "logo_url": "https://plaid-merchant-logos.plaid.com/amazon_44.png",
        "name": "Amazon",
        "phone_number": null,
        "type": "merchant",
        "website": "amazon.com"
      }
    ],
    "date": "2025-01-26",
    "datetime": null,
    "iso_currency_code": "USD",
    "location": {
      "address": null,
      "city": null,
      "country": null,
      "lat": null,
      "lon": null,
      "postal_code": null,
      "region": null,
      "store_number": null
    },
    "logo_url": "https://plaid-merchant-logos.plaid.com/amazon_44.png",
    "merchant_entity_id": "2gOwmq9qK56K60oDm3eLrREV2B2mVadkRn8MW",
    "merchant_name": "Amazon",
    "name": "70252237 AMAZON - LEN N",
    "payment_channel": "online",
    "payment_meta": {
      "by_order_of": null,
      "payee": null,
      "payer": null,
      "payment_method": null,
      "payment_processor": null,
      "ppd_id": null,
      "reason": null,
      "reference_number": null
    },
    "pending": false,
    "pending_transaction_id": null,
    "personal_finance_category": {
      "confidence_level": "VERY_HIGH",
      "detailed": "GENERAL_MERCHANDISE_ONLINE_MARKETPLACES",
      "primary": "GENERAL_MERCHANDISE"
    },
    "personal_finance_category_icon_url": "https://plaid-category-icons.plaid.com/PFC_GENERAL_MERCHANDISE.png",
    "transaction_code": null,
    "transaction_id": "yqdLogX8kzHKRQ4JK6D7HwLGMJvE4zI4Q3vlw",
    "transaction_type": "digital",
    "unofficial_currency_code": null,
    "website": "amazon.com"
  },
  {
    "account_id": "BPwEa8M3LdUg6mVXgZ1dI8pgAdZLvQu4oNPJ7",
    "account_owner": null,
    "amount": 5,
    "authorized_date": "2025-01-25",
    "authorized_datetime": null,
    "category": [
      "Food and Drink",
      "Restaurants"
    ],
    "category_id": "13005000",
    "check_number": null,
    "counterparties": [
      {
        "confidence_level": "VERY_HIGH",
        "entity_id": "vjgov3dQBvWjgV7jW4B6dvd0JpkY5RnmgzynN",
        "logo_url": "https://plaid-merchant-logos.plaid.com/blaze_pizza_122.png",
        "name": "Blaze Pizza",
        "phone_number": null,
        "type": "merchant",
        "website": "blazepizza.com"
      }
    ],
    "date": "2025-01-26",
    "datetime": null,
    "iso_currency_code": "USD",
    "location": {
      "address": null,
      "city": null,
      "country": null,
      "lat": null,
      "lon": null,
      "postal_code": null,
      "region": null,
      "store_number": "31"
    },
    "logo_url": "https://plaid-merchant-logos.plaid.com/blaze_pizza_122.png",
    "merchant_entity_id": "vjgov3dQBvWjgV7jW4B6dvd0JpkY5RnmgzynN",
    "merchant_name": "Blaze Pizza",
    "name": "BLAZE PIZZA #31 SIG PUR 9906",
    "payment_channel": "in store",
    "payment_meta": {
      "by_order_of": null,
      "payee": null,
      "payer": null,
      "payment_method": null,
      "payment_processor": null,
      "ppd_id": null,
      "reason": null,
      "reference_number": null
    },
    "pending": false,
    "pending_transaction_id": null,
    "personal_finance_category": {
      "confidence_level": "VERY_HIGH",
      "detailed": "FOOD_AND_DRINK_RESTAURANT",
      "primary": "FOOD_AND_DRINK"
    },
    "personal_finance_category_icon_url": "https://plaid-category-icons.plaid.com/PFC_FOOD_AND_DRINK.png",
    "transaction_code": null,
    "transaction_id": "myJd4NG8MZhWxypeWL4ZIZPkLlzbrDig5m3WJ",
    "transaction_type": "place",
    "unofficial_currency_code": null,
    "website": "blazepizza.com"
  },
  {
    "account_id": "BPwEa8M3LdUg6mVXgZ1dI8pgAdZLvQu4oNPJ7",
    "account_owner": null,
    "amount": 133.55963,
    "authorized_date": "2025-01-25",
    "authorized_datetime": null,
    "category": [
      "Travel",
      "Parking"
    ],
    "category_id": "22013000",
    "check_number": null,
    "counterparties": [
      {
        "confidence_level": "VERY_HIGH",
        "entity_id": "awboLnj2nN6rXbK0MQjbvwvJmn9eVWok9239E",
        "logo_url": "https://plaid-merchant-logos.plaid.com/paybyphone_729.png",
        "name": "PayByPhone",
        "phone_number": null,
        "type": "merchant",
        "website": "paybyphone.com"
      }
    ],
    "date": "2025-01-26",
    "datetime": null,
    "iso_currency_code": "USD",
    "location": {
      "address": null,
      "city": null,
      "country": null,
      "lat": null,
      "lon": null,
      "postal_code": null,
      "region": "MA",
      "store_number": null
    },
    "logo_url": "https://plaid-merchant-logos.plaid.com/paybyphone_729.png",
    "merchant_entity_id": "awboLnj2nN6rXbK0MQjbvwvJmn9eVWok9239E",
    "merchant_name": "PayByPhone",
    "name": "CARD PURCHASE PAYBYPHONE 804665947 11/19",
    "payment_channel": "online",
    "payment_meta": {
      "by_order_of": null,
      "payee": null,
      "payer": null,
      "payment_method": null,
      "payment_processor": null,
      "ppd_id": null,
      "reason": null,
      "reference_number": null
    },
    "pending": false,
    "pending_transaction_id": null,
    "personal_finance_category": {
      "confidence_level": "VERY_HIGH",
      "detailed": "TRANSPORTATION_PARKING",
      "primary": "TRANSPORTATION"
    },
    "personal_finance_category_icon_url": "https://plaid-category-icons.plaid.com/PFC_TRANSPORTATION.png",
    "transaction_code": null,
    "transaction_id": "9rkQlea9RNTK5M4XK8GeH8KxZaRbryt4mGJ59",
    "transaction_type": "place",
    "unofficial_currency_code": null,
    "website": "paybyphone.com"
  },
  {
    "account_id": "BPwEa8M3LdUg6mVXgZ1dI8pgAdZLvQu4oNPJ7",
    "account_owner": null,
    "amount": 30.900715,
    "authorized_date": "2025-01-24",
    "authorized_datetime": null,
    "category": [
      "Travel",
      "Gas Stations"
    ],
    "category_id": "22009000",
    "check_number": null,
    "counterparties": [
      {
        "confidence_level": "VERY_HIGH",
        "entity_id": "ZRbBR40YJZaB2v5bVNj6NOmNOr9p91mw939or",
        "logo_url": "https://plaid-merchant-logos.plaid.com/citgo_214.png",
        "name": "Citgo",
        "phone_number": null,
        "type": "merchant",
        "website": "citgo.com"
      }
    ],
    "date": "2025-01-25",
    "datetime": null,
    "iso_currency_code": "USD",
    "location": {
      "address": "301 E Collins St",
      "city": null,
      "country": null,
      "lat": null,
      "lon": null,
      "postal_code": null,
      "region": null,
      "store_number": "5980"
    },
    "logo_url": "https://plaid-merchant-logos.plaid.com/citgo_214.png",
    "merchant_entity_id": "ZRbBR40YJZaB2v5bVNj6NOmNOr9p91mw939or",
    "merchant_name": "Citgo",
    "name": "CITGO",
    "payment_channel": "in store",
    "payment_meta": {
      "by_order_of": null,
      "payee": null,
      "payer": null,
      "payment_method": null,
      "payment_processor": null,
      "ppd_id": null,
      "reason": null,
      "reference_number": null
    },
    "pending": false,
    "pending_transaction_id": null,
    "personal_finance_category": {
      "confidence_level": "VERY_HIGH",
      "detailed": "TRANSPORTATION_GAS",
      "primary": "TRANSPORTATION"
    },
    "personal_finance_category_icon_url": "https://plaid-category-icons.plaid.com/PFC_TRANSPORTATION.png",
    "transaction_code": null,
    "transaction_id": "bEpv5lGmDQUqkyXLqorZHbwXRod8aZfmwxvdZ",
    "transaction_type": "place",
    "unofficial_currency_code": null,
    "website": "citgo.com"
  },
  {
    "account_id": "BPwEa8M3LdUg6mVXgZ1dI8pgAdZLvQu4oNPJ7",
    "account_owner": null,
    "amount": 69,
    "authorized_date": "2025-01-24",
    "authorized_datetime": null,
    "category": [
      "Food and Drink",
      "Restaurants"
    ],
    "category_id": "13005000",
    "check_number": null,
    "counterparties": [
      {
        "confidence_level": "VERY_HIGH",
        "entity_id": "XZDrgp3vNX48qj0EqvMYbpYA00Bd5nAAk0MRK",
        "logo_url": "https://plaid-merchant-logos.plaid.com/tropical_smoothie_cafe_1047.png",
        "name": "Tropical Smoothie Cafe",
        "phone_number": null,
        "type": "merchant",
        "website": "tropicalsmoothiecafe.com"
      }
    ],
    "date": "2025-01-25",
    "datetime": null,
    "iso_currency_code": "USD",
    "location": {
      "address": null,
      "city": null,
      "country": null,
      "lat": null,
      "lon": null,
      "postal_code": null,
      "region": "AZ",
      "store_number": null
    },
    "logo_url": "https://plaid-merchant-logos.plaid.com/tropical_smoothie_cafe_1047.png",
    "merchant_entity_id": "XZDrgp3vNX48qj0EqvMYbpYA00Bd5nAAk0MRK",
    "merchant_name": "Tropical Smoothie Cafe",
    "name": "Tropical Smoothie Cafe",
    "payment_channel": "in store",
    "payment_meta": {
      "by_order_of": null,
      "payee": null,
      "payer": null,
      "payment_method": null,
      "payment_processor": null,
      "ppd_id": null,
      "reason": null,
      "reference_number": null
    },
    "pending": false,
    "pending_transaction_id": null,
    "personal_finance_category": {
      "confidence_level": "VERY_HIGH",
      "detailed": "FOOD_AND_DRINK_RESTAURANT",
      "primary": "FOOD_AND_DRINK"
    },
    "personal_finance_category_icon_url": "https://plaid-category-icons.plaid.com/PFC_FOOD_AND_DRINK.png",
    "transaction_code": null,
    "transaction_id": "nE4aNPG8R1Up9deMp1QXtqnl1Xky5jSABemnw",
    "transaction_type": "place",
    "unofficial_currency_code": null,
    "website": "tropicalsmoothiecafe.com"
  },
  {
    "account_id": "BPwEa8M3LdUg6mVXgZ1dI8pgAdZLvQu4oNPJ7",
    "account_owner": null,
    "amount": 744,
    "authorized_date": "2025-01-23",
    "authorized_datetime": null,
    "category": [
      "Food and Drink",
      "Restaurants"
    ],
    "category_id": "13005000",
    "check_number": null,
    "counterparties": [],
    "date": "2025-01-24",
    "datetime": null,
    "iso_currency_code": "USD",
    "location": {
      "address": null,
      "city": null,
      "country": null,
      "lat": null,
      "lon": null,
      "postal_code": null,
      "region": null,
      "store_number": null
    },
    "logo_url": null,
    "merchant_entity_id": null,
    "merchant_name": null,
    "name": "Internal Revenue Service",
    "payment_channel": "in store",
    "payment_meta": {
      "by_order_of": null,
      "payee": null,
      "payer": null,
      "payment_method": "ACH",
      "payment_processor": null,
      "ppd_id": null,
      "reason": null,
      "reference_number": null
    },
    "pending": false,
    "pending_transaction_id": null,
    "personal_finance_category": {
      "confidence_level": "LOW",
      "detailed": "GENERAL_SERVICES_OTHER_GENERAL_SERVICES",
      "primary": "GENERAL_SERVICES"
    },
    "personal_finance_category_icon_url": "https://plaid-category-icons.plaid.com/PFC_GENERAL_SERVICES.png",
    "transaction_code": null,
    "transaction_id": "GZwv7qgNnBTA1JvgA68zHBpo4GRmEac64BjQX",
    "transaction_type": "place",
    "unofficial_currency_code": null,
    "website": null
  },
  {
    "account_id": "BPwEa8M3LdUg6mVXgZ1dI8pgAdZLvQu4oNPJ7",
    "account_owner": null,
    "amount": 15.607323,
    "authorized_date": "2025-01-23",
    "authorized_datetime": null,
    "category": [
      "Shops",
      "Supermarkets and Groceries"
    ],
    "category_id": "19047000",
    "check_number": null,
    "counterparties": [
      {
        "confidence_level": "VERY_HIGH",
        "entity_id": "O5W5j4dN9OR3E6ypQmjdkWZZRoXEzVMz2ByWM",
        "logo_url": "https://plaid-merchant-logos.plaid.com/walmart_1100.png",
        "name": "Walmart",
        "phone_number": null,
        "type": "merchant",
        "website": "walmart.com"
      }
    ],
    "date": "2025-01-24",
    "datetime": null,
    "iso_currency_code": "USD",
    "location": {
      "address": "6700 Hollywood Blvd",
      "city": "Murrysville",
      "country": null,
      "lat": null,
      "lon": null,
      "postal_code": null,
      "region": "PA",
      "store_number": null
    },
    "logo_url": "https://plaid-merchant-logos.plaid.com/walmart_1100.png",
    "merchant_entity_id": "O5W5j4dN9OR3E6ypQmjdkWZZRoXEzVMz2ByWM",
    "merchant_name": "Walmart",
    "name": "Walmart",
    "payment_channel": "in store",
    "payment_meta": {
      "by_order_of": null,
      "payee": null,
      "payer": null,
      "payment_method": null,
      "payment_processor": null,
      "ppd_id": null,
      "reason": null,
      "reference_number": null
    },
    "pending": false,
    "pending_transaction_id": null,
    "personal_finance_category": {
      "confidence_level": "VERY_HIGH",
      "detailed": "GENERAL_MERCHANDISE_SUPERSTORES",
      "primary": "GENERAL_MERCHANDISE"
    },
    "personal_finance_category_icon_url": "https://plaid-category-icons.plaid.com/PFC_GENERAL_MERCHANDISE.png",
    "transaction_code": null,
    "transaction_id": "AN18dgZBwbHBpWDGBwm5inpeDX96owi9vjedd",
    "transaction_type": "place",
    "unofficial_currency_code": null,
    "website": "walmart.com"
  },
  {
    "account_id": "BPwEa8M3LdUg6mVXgZ1dI8pgAdZLvQu4oNPJ7",
    "account_owner": null,
    "amount": 48.2542,
    "authorized_date": "2025-01-22",
    "authorized_datetime": null,
    "category": [
      "Shops",
      "Supermarkets and Groceries"
    ],
    "category_id": "19047000",
    "check_number": null,
    "counterparties": [
      {
        "confidence_level": "VERY_HIGH",
        "entity_id": "5gZ3N4VYA5MawvMkoMJwMRZZYKkQLwkgdznZ5",
        "logo_url": "https://plaid-merchant-logos.plaid.com/smart_final_914.png",
        "name": "Smart & Final",
        "phone_number": null,
        "type": "merchant",
        "website": "smartandfinal.com"
      }
    ],
    "date": "2025-01-23",
    "datetime": null,
    "iso_currency_code": "USD",
    "location": {
      "address": "630 N Euclid St",
      "city": "Anaheim",
      "country": null,
      "lat": 33.840313,
      "lon": -117.940094,
      "postal_code": "92801",
      "region": "CA",
      "store_number": "1"
    },
    "logo_url": "https://plaid-merchant-logos.plaid.com/smart_final_914.png",
    "merchant_entity_id": "5gZ3N4VYA5MawvMkoMJwMRZZYKkQLwkgdznZ5",
    "merchant_name": "Smart & Final",
    "name": "CREDIT CARD PURCHASE SMART AND FINAL #1 ANAHEIM CA DATE 12/14 15277301931256 9 CARD 5",
    "payment_channel": "in store",
    "payment_meta": {
      "by_order_of": null,
      "payee": null,
      "payer": null,
      "payment_method": null,
      "payment_processor": null,
      "ppd_id": null,
      "reason": null,
      "reference_number": null
    },
    "pending": false,
    "pending_transaction_id": null,
    "personal_finance_category": {
      "confidence_level": "VERY_HIGH",
      "detailed": "FOOD_AND_DRINK_GROCERIES",
      "primary": "FOOD_AND_DRINK"
    },
    "personal_finance_category_icon_url": "https://plaid-category-icons.plaid.com/PFC_FOOD_AND_DRINK.png",
    "transaction_code": null,
    "transaction_id": "WNJvbZ7PXgHpD4yPpzb8t9q78Pm5xAC6G9aDg",
    "transaction_type": "place",
    "unofficial_currency_code": null,
    "website": "smartandfinal.com"
  },
  {
    "account_id": "BPwEa8M3LdUg6mVXgZ1dI8pgAdZLvQu4oNPJ7",
    "account_owner": null,
    "amount": 21.771215,
    "authorized_date": "2025-01-21",
    "authorized_datetime": null,
    "category": [
      "Shops",
      "Convenience Stores"
    ],
    "category_id": "19015000",
    "check_number": null,
    "counterparties": [
      {
        "confidence_level": "VERY_HIGH",
        "entity_id": "8jWvMgWdRWXBz3WqjaznYbV9MoK94DNMyK6RE",
        "logo_url": "https://plaid-merchant-logos.plaid.com/royal_farms_847.png",
        "name": "Royal Farms",
        "phone_number": null,
        "type": "merchant",
        "website": "royalfarms.com"
      }
    ],
    "date": "2025-01-22",
    "datetime": null,
    "iso_currency_code": "USD",
    "location": {
      "address": "36 Light St",
      "city": "Baltimore",
      "country": null,
      "lat": 39.28791,
      "lon": -76.61396,
      "postal_code": "21202",
      "region": "MD",
      "store_number": null
    },
    "logo_url": "https://plaid-merchant-logos.plaid.com/royal_farms_847.png",
    "merchant_entity_id": "8jWvMgWdRWXBz3WqjaznYbV9MoK94DNMyK6RE",
    "merchant_name": "Royal Farms",
    "name": "PURCHASE AUTHORIZED ON 05/27 ROYAL FARMS 100 MONUMENT AVE A P NATIONAL HARBOR MD 0846248421604 CARD 44",
    "payment_channel": "in store",
    "payment_meta": {
      "by_order_of": null,
      "payee": null,
      "payer": null,
      "payment_method": null,
      "payment_processor": null,
      "ppd_id": null,
      "reason": null,
      "reference_number": null
    },
    "pending": false,
    "pending_transaction_id": null,
    "personal_finance_category": {
      "confidence_level": "VERY_HIGH",
      "detailed": "TRANSPORTATION_GAS",
      "primary": "TRANSPORTATION"
    },
    "personal_finance_category_icon_url": "https://plaid-category-icons.plaid.com/PFC_TRANSPORTATION.png",
    "transaction_code": null,
    "transaction_id": "Ee7GPApkVEh6oe3X6gL7cRz1ol7e3Bi4LRd1G",
    "transaction_type": "place",
    "unofficial_currency_code": null,
    "website": "royalfarms.com"
  },
  {
    "account_id": "BPwEa8M3LdUg6mVXgZ1dI8pgAdZLvQu4oNPJ7",
    "account_owner": null,
    "amount": 70.61283,
    "authorized_date": "2025-01-20",
    "authorized_datetime": null,
    "category": [
      "Food and Drink",
      "Restaurants",
      "Coffee Shop"
    ],
    "category_id": "13005043",
    "check_number": null,
    "counterparties": [
      {
        "confidence_level": "VERY_HIGH",
        "entity_id": "p64nrAXvN7r7mjrdp0qNKnB137Da6BWbbrEwz",
        "logo_url": "https://plaid-merchant-logos.plaid.com/dunkin_donuts_305.png",
        "name": "Dunkin'",
        "phone_number": null,
        "type": "merchant",
        "website": "dunkindonuts.com"
      },
      {
        "confidence_level": "VERY_HIGH",
        "entity_id": "zwkjrQbbDQqZJRk3egOAo0XB7jnygNDJk9Vjz",
        "logo_url": "https://plaid-counterparty-logos.plaid.com/paypal_76.png",
        "name": "PayPal",
        "phone_number": null,
        "type": "payment_app",
        "website": "paypal.com"
      }
    ],
    "date": "2025-01-21",
    "datetime": null,
    "iso_currency_code": "USD",
    "location": {
      "address": null,
      "city": null,
      "country": null,
      "lat": null,
      "lon": null,
      "postal_code": null,
      "region": null,
      "store_number": null
    },
    "logo_url": "https://plaid-merchant-logos.plaid.com/dunkin_donuts_305.png",
    "merchant_entity_id": "p64nrAXvN7r7mjrdp0qNKnB137Da6BWbbrEwz",
    "merchant_name": "Dunkin'",
    "name": "Dunkin' Donuts",
    "payment_channel": "online",
    "payment_meta": {
      "by_order_of": null,
      "payee": null,
      "payer": null,
      "payment_method": "ACH",
      "payment_processor": null,
      "ppd_id": null,
      "reason": null,
      "reference_number": null
    },
    "pending": false,
    "pending_transaction_id": null,
    "personal_finance_category": {
      "confidence_level": "VERY_HIGH",
      "detailed": "FOOD_AND_DRINK_COFFEE",
      "primary": "FOOD_AND_DRINK"
    },
    "personal_finance_category_icon_url": "https://plaid-category-icons.plaid.com/PFC_FOOD_AND_DRINK.png",
    "transaction_code": null,
    "transaction_id": "8K6e57d9JVsDk6bgDVMLcLo9z8ZW7JfWy1EG9",
    "transaction_type": "place",
    "unofficial_currency_code": null,
    "website": "dunkindonuts.com"
  },
  {
    "account_id": "BPwEa8M3LdUg6mVXgZ1dI8pgAdZLvQu4oNPJ7",
    "account_owner": null,
    "amount": 52.34218,
    "authorized_date": "2025-01-19",
    "authorized_datetime": null,
    "category": [
      "Food and Drink",
      "Restaurants"
    ],
    "category_id": "13005000",
    "check_number": null,
    "counterparties": [
      {
        "confidence_level": "VERY_HIGH",
        "entity_id": "EZ92VM3NzEaVdzq5eRB2YOb14a3OYk3gRvyZQ",
        "logo_url": "https://plaid-counterparty-logos.plaid.com/uber_eats_2.png",
        "name": "Uber Eats",
        "phone_number": null,
        "type": "marketplace",
        "website": "ubereats.com"
      }
    ],
    "date": "2025-01-20",
    "datetime": null,
    "iso_currency_code": "USD",
    "location": {
      "address": null,
      "city": null,
      "country": null,
      "lat": null,
      "lon": null,
      "postal_code": null,
      "region": null,
      "store_number": null
    },
    "logo_url": null,
    "merchant_entity_id": null,
    "merchant_name": "Uber Eats",
    "name": "Uber Eats",
    "payment_channel": "online",
    "payment_meta": {
      "by_order_of": null,
      "payee": null,
      "payer": null,
      "payment_method": null,
      "payment_processor": null,
      "ppd_id": null,
      "reason": null,
      "reference_number": null
    },
    "pending": false,
    "pending_transaction_id": null,
    "personal_finance_category": {
      "confidence_level": "VERY_HIGH",
      "detailed": "FOOD_AND_DRINK_RESTAURANT",
      "primary": "FOOD_AND_DRINK"
    },
    "personal_finance_category_icon_url": "https://plaid-category-icons.plaid.com/PFC_FOOD_AND_DRINK.png",
    "transaction_code": null,
    "transaction_id": "g9pKzBGmMZToMLQWoqdyUxXv53j6aoFEXVkW3",
    "transaction_type": "place",
    "unofficial_currency_code": null,
    "website": null
  },
  {
    "account_id": "BPwEa8M3LdUg6mVXgZ1dI8pgAdZLvQu4oNPJ7",
    "account_owner": null,
    "amount": 4.790203,
    "authorized_date": "2025-01-18",
    "authorized_datetime": null,
    "category": [
      "Food and Drink",
      "Restaurants"
    ],
    "category_id": "13005000",
    "check_number": null,
    "counterparties": [
      {
        "confidence_level": "VERY_HIGH",
        "entity_id": "EXqpkwmbz7b8mO1A5v24wJMaKONApVvoL9gde",
        "logo_url": "https://plaid-merchant-logos.plaid.com/dennys_274.png",
        "name": "Denny's",
        "phone_number": null,
        "type": "merchant",
        "website": "dennys.com"
      }
    ],
    "date": "2025-01-19",
    "datetime": null,
    "iso_currency_code": "USD",
    "location": {
      "address": "900 E County Line Rd",
      "city": "Ridgeland",
      "country": null,
      "lat": 32.399879,
      "lon": -90.140251,
      "postal_code": "39157",
      "region": "MS",
      "store_number": null
    },
    "logo_url": "https://plaid-merchant-logos.plaid.com/dennys_274.png",
    "merchant_entity_id": "EXqpkwmbz7b8mO1A5v24wJMaKONApVvoL9gde",
    "merchant_name": "Denny's",
    "name": "5 PURCHASE-SIG DENNY'S 366992 EUGENE OR 6 039488",
    "payment_channel": "in store",
    "payment_meta": {
      "by_order_of": null,
      "payee": null,
      "payer": null,
      "payment_method": null,
      "payment_processor": null,
      "ppd_id": null,
      "reason": null,
      "reference_number": null
    },
    "pending": false,
    "pending_transaction_id": null,
    "personal_finance_category": {
      "confidence_level": "VERY_HIGH",
      "detailed": "FOOD_AND_DRINK_RESTAURANT",
      "primary": "FOOD_AND_DRINK"
    },
    "personal_finance_category_icon_url": "https://plaid-category-icons.plaid.com/PFC_FOOD_AND_DRINK.png",
    "transaction_code": null,
    "transaction_id": "pwgNj7yWMpt5MyZl5J4gSMwlJqvmPZHpxrmaA",
    "transaction_type": "place",
    "unofficial_currency_code": null,
    "website": "dennys.com"
  },
  {
    "account_id": "BPwEa8M3LdUg6mVXgZ1dI8pgAdZLvQu4oNPJ7",
    "account_owner": null,
    "amount": 15.466949,
    "authorized_date": "2025-01-18",
    "authorized_datetime": null,
    "category": [
      "Food and Drink",
      "Restaurants"
    ],
    "category_id": "13005000",
    "check_number": null,
    "counterparties": [
      {
        "confidence_level": "VERY_HIGH",
        "entity_id": "87pgrjrdOOdEkaZEEoOzOZAL7pQzZrQgL8XDo",
        "logo_url": "https://plaid-merchant-logos.plaid.com/panera_bread_715.png",
        "name": "Panera Bread",
        "phone_number": null,
        "type": "merchant",
        "website": "panerabread.com"
      }
    ],
    "date": "2025-01-19",
    "datetime": null,
    "iso_currency_code": "USD",
    "location": {
      "address": null,
      "city": "Mason",
      "country": null,
      "lat": null,
      "lon": null,
      "postal_code": null,
      "region": "OH",
      "store_number": null
    },
    "logo_url": "https://plaid-merchant-logos.plaid.com/panera_bread_715.png",
    "merchant_entity_id": "87pgrjrdOOdEkaZEEoOzOZAL7pQzZrQgL8XDo",
    "merchant_name": "Panera Bread",
    "name": "Panera Bread",
    "payment_channel": "in store",
    "payment_meta": {
      "by_order_of": null,
      "payee": null,
      "payer": null,
      "payment_method": null,
      "payment_processor": null,
      "ppd_id": null,
      "reason": null,
      "reference_number": null
    },
    "pending": false,
    "pending_transaction_id": null,
    "personal_finance_category": {
      "confidence_level": "VERY_HIGH",
      "detailed": "FOOD_AND_DRINK_RESTAURANT",
      "primary": "FOOD_AND_DRINK"
    },
    "personal_finance_category_icon_url": "https://plaid-category-icons.plaid.com/PFC_FOOD_AND_DRINK.png",
    "transaction_code": null,
    "transaction_id": "oEb4PjGw1NUNPvnxN549heQ8zPv1RdUo3MwE6",
    "transaction_type": "place",
    "unofficial_currency_code": null,
    "website": "panerabread.com"
  },
  {
    "account_id": "BPwEa8M3LdUg6mVXgZ1dI8pgAdZLvQu4oNPJ7",
    "account_owner": null,
    "amount": 3,
    "authorized_date": "2025-01-17",
    "authorized_datetime": null,
    "category": [
      "Food and Drink",
      "Restaurants"
    ],
    "category_id": "13005000",
    "check_number": null,
    "counterparties": [],
    "date": "2025-01-18",
    "datetime": null,
    "iso_currency_code": "USD",
    "location": {
      "address": null,
      "city": "Taylor",
      "country": null,
      "lat": null,
      "lon": null,
      "postal_code": null,
      "region": "MI",
      "store_number": null
    },
    "logo_url": null,
    "merchant_entity_id": null,
    "merchant_name": null,
    "name": "3947558 VISA PURCHASE PLAYSTUD 07057808 TAYLOR MI 8840321 748",
    "payment_channel": "in store",
    "payment_meta": {
      "by_order_of": null,
      "payee": null,
      "payer": null,
      "payment_method": null,
      "payment_processor": null,
      "ppd_id": null,
      "reason": null,
      "reference_number": null
    },
    "pending": false,
    "pending_transaction_id": null,
    "personal_finance_category": {
      "confidence_level": "LOW",
      "detailed": "GENERAL_MERCHANDISE_OTHER_GENERAL_MERCHANDISE",
      "primary": "GENERAL_MERCHANDISE"
    },
    "personal_finance_category_icon_url": "https://plaid-category-icons.plaid.com/PFC_GENERAL_MERCHANDISE.png",
    "transaction_code": null,
    "transaction_id": "1ZJdvxq963TxMy41xgv6FJoQV6lBbjfpwKvBL",
    "transaction_type": "place",
    "unofficial_currency_code": null,
    "website": null
  },
  {
    "account_id": "BPwEa8M3LdUg6mVXgZ1dI8pgAdZLvQu4oNPJ7",
    "account_owner": null,
    "amount": 186,
    "authorized_date": "2025-01-17",
    "authorized_datetime": null,
    "category": [
      "Travel",
      "Airlines and Aviation Services"
    ],
    "category_id": "22001000",
    "check_number": null,
    "counterparties": [
      {
        "confidence_level": "VERY_HIGH",
        "entity_id": "ZzAQOwb4BD8oN46EAO75yYR3y1BWMZ1Y0Q8NQ",
        "logo_url": "https://plaid-merchant-logos.plaid.com/american_airlines_51.png",
        "name": "American Airlines",
        "phone_number": null,
        "type": "merchant",
        "website": "aa.com"
      }
    ],
    "date": "2025-01-18",
    "datetime": null,
    "iso_currency_code": "USD",
    "location": {
      "address": null,
      "city": "Worth",
      "country": null,
      "lat": null,
      "lon": null,
      "postal_code": null,
      "region": "GA",
      "store_number": null
    },
    "logo_url": "https://plaid-merchant-logos.plaid.com/american_airlines_51.png",
    "merchant_entity_id": "ZzAQOwb4BD8oN46EAO75yYR3y1BWMZ1Y0Q8NQ",
    "merchant_name": "American Airlines",
    "name": "American Airlines",
    "payment_channel": "in store",
    "payment_meta": {
      "by_order_of": null,
      "payee": null,
      "payer": null,
      "payment_method": null,
      "payment_processor": null,
      "ppd_id": null,
      "reason": null,
      "reference_number": null
    },
    "pending": false,
    "pending_transaction_id": null,
    "personal_finance_category": {
      "confidence_level": "VERY_HIGH",
      "detailed": "TRAVEL_FLIGHTS",
      "primary": "TRAVEL"
    },
    "personal_finance_category_icon_url": "https://plaid-category-icons.plaid.com/PFC_TRAVEL.png",
    "transaction_code": null,
    "transaction_id": "LlMv13rqpyU7NW8V7gwXUQoG6e3Pw8FkJQzwA",
    "transaction_type": "special",
    "unofficial_currency_code": null,
    "website": "aa.com"
  },
  {
    "account_id": "BPwEa8M3LdUg6mVXgZ1dI8pgAdZLvQu4oNPJ7",
    "account_owner": null,
    "amount": 9.94589,
    "authorized_date": "2025-01-17",
    "authorized_datetime": null,
    "category": [
      "Food and Drink",
      "Restaurants"
    ],
    "category_id": "13005000",
    "check_number": null,
    "counterparties": [
      {
        "confidence_level": "LOW",
        "entity_id": null,
        "logo_url": null,
        "name": "Famous Chicken N Biscuits",
        "phone_number": null,
        "type": "merchant",
        "website": null
      }
    ],
    "date": "2025-01-18",
    "datetime": null,
    "iso_currency_code": "USD",
    "location": {
      "address": null,
      "city": "Prince",
      "country": null,
      "lat": null,
      "lon": null,
      "postal_code": null,
      "region": "WV",
      "store_number": null
    },
    "logo_url": null,
    "merchant_entity_id": null,
    "merchant_name": "Famous Chicken N Biscuits",
    "name": "Bojangles",
    "payment_channel": "in store",
    "payment_meta": {
      "by_order_of": null,
      "payee": null,
      "payer": null,
      "payment_method": null,
      "payment_processor": null,
      "ppd_id": null,
      "reason": null,
      "reference_number": null
    },
    "pending": false,
    "pending_transaction_id": null,
    "personal_finance_category": {
      "confidence_level": "LOW",
      "detailed": "FOOD_AND_DRINK_RESTAURANT",
      "primary": "FOOD_AND_DRINK"
    },
    "personal_finance_category_icon_url": "https://plaid-category-icons.plaid.com/PFC_FOOD_AND_DRINK.png",
    "transaction_code": null,
    "transaction_id": "MqlvLxzKgGH84vb18JZzHlW1X4bNPxiLolZqZ",
    "transaction_type": "place",
    "unofficial_currency_code": null,
    "website": null
  },
  {
    "account_id": "BPwEa8M3LdUg6mVXgZ1dI8pgAdZLvQu4oNPJ7",
    "account_owner": null,
    "amount": 91.52556,
    "authorized_date": "2025-01-14",
    "authorized_datetime": null,
    "category": [
      "Service",
      "Financial"
    ],
    "category_id": "18020000",
    "check_number": null,
    "counterparties": [
      {
        "confidence_level": "VERY_HIGH",
        "entity_id": "1eDor7br409n5WmJm8YQ2B9oD6bgQ2230zvdo",
        "logo_url": "https://plaid-counterparty-logos.plaid.com/earnin_42.png",
        "name": "Earnin",
        "phone_number": null,
        "type": "financial_institution",
        "website": "earnin.com"
      }
    ],
    "date": "2025-01-15",
    "datetime": null,
    "iso_currency_code": "USD",
    "location": {
      "address": null,
      "city": null,
      "country": null,
      "lat": null,
      "lon": null,
      "postal_code": null,
      "region": null,
      "store_number": null
    },
    "logo_url": null,
    "merchant_entity_id": null,
    "merchant_name": "Earnin",
    "name": "671 POS PURCHASE EARNIN RE SC 9671543 349619",
    "payment_channel": "other",
    "payment_meta": {
      "by_order_of": null,
      "payee": null,
      "payer": null,
      "payment_method": null,
      "payment_processor": null,
      "ppd_id": null,
      "reason": null,
      "reference_number": null
    },
    "pending": false,
    "pending_transaction_id": null,
    "personal_finance_category": {
      "confidence_level": "VERY_HIGH",
      "detailed": "LOAN_PAYMENTS_PERSONAL_LOAN_PAYMENT",
      "primary": "LOAN_PAYMENTS"
    },
    "personal_finance_category_icon_url": "https://plaid-category-icons.plaid.com/PFC_LOAN_PAYMENTS.png",
    "transaction_code": null,
    "transaction_id": "QBzw8Nd3pgsVE4azVQJrfMe5pNEdqoHwdMAvB",
    "transaction_type": "place",
    "unofficial_currency_code": null,
    "website": null
  },
  {
    "account_id": "BPwEa8M3LdUg6mVXgZ1dI8pgAdZLvQu4oNPJ7",
    "account_owner": null,
    "amount": 134,
    "authorized_date": "2025-01-14",
    "authorized_datetime": null,
    "category": [
      "Service",
      "Food and Beverage"
    ],
    "category_id": "18021000",
    "check_number": null,
    "counterparties": [
      {
        "confidence_level": "VERY_HIGH",
        "entity_id": "kD50baYgJ00LWAEa574rpeD57v0z4aMoAeVVr",
        "logo_url": "https://plaid-counterparty-logos.plaid.com/grubhub_3.png",
        "name": "Grubhub",
        "phone_number": null,
        "type": "marketplace",
        "website": "grubhub.com"
      }
    ],
    "date": "2025-01-15",
    "datetime": null,
    "iso_currency_code": "USD",
    "location": {
      "address": null,
      "city": null,
      "country": null,
      "lat": null,
      "lon": null,
      "postal_code": null,
      "region": null,
      "store_number": null
    },
    "logo_url": null,
    "merchant_entity_id": null,
    "merchant_name": "Grubhub",
    "name": "GrubHub",
    "payment_channel": "online",
    "payment_meta": {
      "by_order_of": null,
      "payee": null,
      "payer": null,
      "payment_method": null,
      "payment_processor": null,
      "ppd_id": null,
      "reason": null,
      "reference_number": null
    },
    "pending": false,
    "pending_transaction_id": null,
    "personal_finance_category": {
      "confidence_level": "MEDIUM",
      "detailed": "FOOD_AND_DRINK_RESTAURANT",
      "primary": "FOOD_AND_DRINK"
    },
    "personal_finance_category_icon_url": "https://plaid-category-icons.plaid.com/PFC_FOOD_AND_DRINK.png",
    "transaction_code": null,
    "transaction_id": "Z7bX9LZmEDsBaDRLByXpi7jBe9lb4LTejRk49",
    "transaction_type": "place",
    "unofficial_currency_code": null,
    "website": null
  },
  {
    "account_id": "BPwEa8M3LdUg6mVXgZ1dI8pgAdZLvQu4oNPJ7",
    "account_owner": null,
    "amount": 4.780789,
    "authorized_date": "2025-01-14",
    "authorized_datetime": null,
    "category": [
      "Food and Drink",
      "Restaurants"
    ],
    "category_id": "13005000",
    "check_number": null,
    "counterparties": [
      {
        "confidence_level": "VERY_HIGH",
        "entity_id": "0y81d9veNWk3yL7qqoRqQE3Lg3r1062zVAXKM",
        "logo_url": "https://plaid-merchant-logos.plaid.com/popeyes_768.png",
        "name": "Popeyes",
        "phone_number": null,
        "type": "merchant",
        "website": "popeyes.com"
      }
    ],
    "date": "2025-01-15",
    "datetime": null,
    "iso_currency_code": "USD",
    "location": {
      "address": "1344 N Missouri St",
      "city": "West Memphis",
      "country": null,
      "lat": 35.161304,
      "lon": -90.18512,
      "postal_code": "72301",
      "region": "AR",
      "store_number": null
    },
    "logo_url": "https://plaid-merchant-logos.plaid.com/popeyes_768.png",
    "merchant_entity_id": "0y81d9veNWk3yL7qqoRqQE3Lg3r1062zVAXKM",
    "merchant_name": "Popeyes",
    "name": "Popeyes",
    "payment_channel": "in store",
    "payment_meta": {
      "by_order_of": null,
      "payee": null,
      "payer": null,
      "payment_method": null,
      "payment_processor": null,
      "ppd_id": null,
      "reason": null,
      "reference_number": null
    },
    "pending": false,
    "pending_transaction_id": null,
    "personal_finance_category": {
      "confidence_level": "VERY_HIGH",
      "detailed": "FOOD_AND_DRINK_FAST_FOOD",
      "primary": "FOOD_AND_DRINK"
    },
    "personal_finance_category_icon_url": "https://plaid-category-icons.plaid.com/PFC_FOOD_AND_DRINK.png",
    "transaction_code": null,
    "transaction_id": "eE6lKrGmMQUEMR8LE3AlUgw4RlNDy3Urwdnpx",
    "transaction_type": "place",
    "unofficial_currency_code": null,
    "website": "popeyes.com"
  },
  {
    "account_id": "BPwEa8M3LdUg6mVXgZ1dI8pgAdZLvQu4oNPJ7",
    "account_owner": null,
    "amount": 97.66696,
    "authorized_date": "2025-01-13",
    "authorized_datetime": null,
    "category": [
      "Shops",
      "Computers and Electronics"
    ],
    "category_id": "19013000",
    "check_number": null,
    "counterparties": [],
    "date": "2025-01-14",
    "datetime": null,
    "iso_currency_code": "USD",
    "location": {
      "address": null,
      "city": null,
      "country": null,
      "lat": null,
      "lon": null,
      "postal_code": null,
      "region": null,
      "store_number": "4"
    },
    "logo_url": null,
    "merchant_entity_id": null,
    "merchant_name": null,
    "name": "APPLE 857979823 NEWKIRK #4",
    "payment_channel": "in store",
    "payment_meta": {
      "by_order_of": null,
      "payee": null,
      "payer": null,
      "payment_method": null,
      "payment_processor": null,
      "ppd_id": null,
      "reason": null,
      "reference_number": null
    },
    "pending": false,
    "pending_transaction_id": null,
    "personal_finance_category": {
      "confidence_level": "LOW",
      "detailed": "GENERAL_MERCHANDISE_OTHER_GENERAL_MERCHANDISE",
      "primary": "GENERAL_MERCHANDISE"
    },
    "personal_finance_category_icon_url": "https://plaid-category-icons.plaid.com/PFC_GENERAL_MERCHANDISE.png",
    "transaction_code": null,
    "transaction_id": "jEpBxd98LXUWxazZWMN1IrKV4jqPlEt63MbDw",
    "transaction_type": "place",
    "unofficial_currency_code": null,
    "website": null
  },
  {
    "account_id": "BPwEa8M3LdUg6mVXgZ1dI8pgAdZLvQu4oNPJ7",
    "account_owner": null,
    "amount": -496,
    "authorized_date": "2025-01-14",
    "authorized_datetime": null,
    "category": [
      "Transfer",
      "Deposit"
    ],
    "category_id": "21007000",
    "check_number": null,
    "counterparties": [],
    "date": "2025-01-14",
    "datetime": null,
    "iso_currency_code": "USD",
    "location": {
      "address": null,
      "city": null,
      "country": null,
      "lat": null,
      "lon": null,
      "postal_code": null,
      "region": null,
      "store_number": null
    },
    "logo_url": null,
    "merchant_entity_id": null,
    "merchant_name": null,
    "name": "CASH DEPOSIT",
    "payment_channel": "other",
    "payment_meta": {
      "by_order_of": null,
      "payee": null,
      "payer": null,
      "payment_method": null,
      "payment_processor": null,
      "ppd_id": null,
      "reason": null,
      "reference_number": null
    },
    "pending": false,
    "pending_transaction_id": null,
    "personal_finance_category": {
      "confidence_level": "LOW",
      "detailed": "TRANSFER_IN_DEPOSIT",
      "primary": "TRANSFER_IN"
    },
    "personal_finance_category_icon_url": "https://plaid-category-icons.plaid.com/PFC_TRANSFER_IN.png",
    "transaction_code": null,
    "transaction_id": "7qP7wjx9R3HJPLM1JQRohlQJZX5RgridGlVe6",
    "transaction_type": "special",
    "unofficial_currency_code": null,
    "website": null
  }
]